Rank,Tiktoker name,Tiktok name,followers,views(avg),views(avg),likes(avg.),likes(avg.),comments(avg.),comments(avg.),shares(avg.),shares(avg.)
1,mrbeast,MrBeast,60.3M,29.2M,29200000,3.5M,3500000,30.8K,30800,7.2K,7200
2,karolg,Karol G,42.4M,23.7M,23700000,3.4M,3400000,21.7K,21700,25.7K,25700
3,yzn47,Ÿäÿ≤ŸÜ ÿßŸÑÿ£ÿ≥ŸÖÿ±,8.9M,48.9M,48900000,998.4K,998400,16.3K,16300,60.9K,60900
4,centralcee,CentralCee,4.4M,19.8M,19800000,3.6M,3600000,23.3K,23300,24.2K,24200
5,adinross,adin,6.1M,21.1M,21100000,3.3M,3300000,17.5K,17500,25.3K,25300
6,thebrandonrobert,Brandon Robert,11.6M,13.2M,13200000,2.9M,2900000,5.7K,5700,50.5K,50500
7,mishayoung,–ú—ñ—à–∞ –ì–æ—Ä–æ–¥–µ—Ü—å–∫–∏–π üá∫üá¶,4.5M,21.5M,21500000,2.4M,2400000,16.3K,16300,24.5K,24500
8,yailinlamasviraloficial_,Yailin La M√°s Viral,6.1M,25M,25000000,1.7M,1700000,16.6K,16600,5.3K,5300
9,daniel.labelle,Daniel LaBelle,28.4M,18.6M,18600000,1.8M,1800000,7.5K,7500,19K,19000
10,amauryguichon,Amaury Guichon,18.4M,16.2M,16200000,1.6M,1600000,7.8K,7800,21.4K,21400
11,urbantheory_,Urban Theory,19.8M,18.5M,18500000,1.9M,1900000,5.4K,5400,16.3K,16300
12,enhypen,enhypen,13.3M,5.7M,5700000,1.7M,1700000,35K,35000,25.3K,25300
13,conangray,conangray,7M,8M,8000000,2.2M,2200000,12.7K,12700,19.3K,19300
14,elissadeheart,Elissa DeHeart,2.5M,7.5M,7500000,1.9M,1900000,20.8K,20800,15.5K,15500
15,im.camber,Camber,94K,6.4M,6400000,1.2M,1200000,4.2K,4200,37.5K,37500
16,matt_rife,Matt Rife,6.1M,8.5M,8500000,1.6M,1600000,5.6K,5600,16.1K,16100
17,khaby.lame,Khabane lame,153.1M,10.6M,10600000,1.2M,1200000,20.8K,20800,2.3K,2300
18,fadiljaidi,Fadil Jaidi,9.2M,12.7M,12700000,1.7M,1700000,7.6K,7600,4.4K,4400
19,rosalia,La Rosalia,28.1M,10.6M,10600000,1.2M,1200000,6.1K,6100,8.5K,8500
20,juandamc,JuanDa.,19.7M,8.1M,8100000,2M,2000000,5.2K,5200,5.2K,5200
21,twitchtok7,tWitch,5.6M,12.1M,12100000,678.2K,678200,11.7K,11700,6.5K,6500
22,anaraquelhz,Raquel,5.7M,6.5M,6500000,576.1K,576100,4.3K,4300,34.3K,34300
23,karadenizli.maceraci,KARADENƒ∞ZLƒ∞ MACERACI,1.8M,18.7M,18700000,914.1K,914100,2.7K,2700,5.7K,5700
24,lexibrookerivera,Lexi Rivera,24.8M,11.3M,11300000,1.5M,1500000,5.6K,5600,2.4K,2400
25,hotspanishmx,HotSpanish,11.9M,11.2M,11200000,1M,1000000,6.1K,6100,5.9K,5900
26,surthycooks,Surthycooks,19.9M,11.5M,11500000,1.3M,1300000,6.3K,6300,1.4K,1400
27,nicollefigueroaa,Nicolle Figueroa,15.5M,13M,13000000,1.6M,1600000,4.2K,4200,1.3K,1300
28,nicocaponecomedy,nicocapone.comedy,24.9M,12.8M,12800000,547.3K,547300,4.7K,4700,11.2K,11200
29,williesalim,WILLIE SALIM,20.9M,13M,13000000,888.6K,888600,5K,5000,3.8K,3800
30,luvadepedreiro,Iran Ferreira (Lai),22.1M,14.4M,14400000,1.1M,1100000,4.4K,4400,1.9K,1900
31,kimberly.loaiza,Kimberly Loaiza,70.2M,7.7M,7700000,883.3K,883300,8.8K,8800,3.9K,3900
32,texasgirl_nadia,N A D I A,125.7K,13.6M,13600000,914.6K,914600,728,728,6.1K,6100
33,slaterkodish,slaterkodish,1.6M,10.8M,10800000,1.3M,1300000,1.9K,1900,3.9K,3900
34,bayashi.tiktok,„Éê„É§„Ç∑ü•ëBayashi,38.8M,10.9M,10900000,1.1M,1100000,4K,4000,2.5K,2500
35,amroqarawe,Amro Qarawe,1.2M,8.4M,8400000,490.1K,490100,3.8K,3800,13.3K,13300
36,mohm.nabeel,mohammad.nabeel,2.1M,5.4M,5400000,383.5K,383500,10.5K,10500,22.7K,22700
37,cedricgrolet,Cedric Grolet,3.2M,9.3M,9300000,797.6K,797600,2.2K,2200,6.7K,6700
38,charlidamelio,charli d‚Äôamelio,149M,7.8M,7800000,789.9K,789900,6.9K,6900,3K,3000
39,dannero,Dannero,8.5M,6M,6000000,812.3K,812300,6.7K,6700,6K,6000
40,txt.bighitent,TOMORROW X TOGETHER,19M,3M,3000000,847.2K,847200,13.9K,13900,9.8K,9800
41,emillyvickof,Emilly Vick,13.9M,11.5M,11500000,570.2K,570200,6.7K,6700,2.1K,2100
42,xelitobelek,xelito,1.2M,2.5M,2500000,336.7K,336700,64.8K,64800,192,192
43,seventeen17_official,SEVENTEEN,6.6M,2.9M,2900000,876.9K,876900,12.1K,12100,9.4K,9400
44,amielgarciami,Ami Garcia Amiel,1.5M,9.3M,9300000,924.3K,924300,2.3K,2300,3.8K,3800
45,noelgoescrazy,noelgoescrazy,19.5M,16.5M,16500000,668.4K,668400,2.1K,2100,2.7K,2700
46,dylanmulvaney,Dylan Mulvaney,9.7M,4.7M,4700000,920.4K,920400,10.4K,10400,1.4K,1400
47,ramonvitor,ramonvitor,11M,7.2M,7200000,1.4M,1400000,3.6K,3600,1.3K,1300
48,miladmirg,Milad,6.4M,11.6M,11600000,920.7K,920700,3.6K,3600,944,944
49,mmmjoemele,Joe Mele,24.1M,10.6M,10600000,1M,1000000,2.4K,2400,2.1K,2100
50,thezachchoi,Zach Choi,8M,9.2M,9200000,789.2K,789200,2.7K,2700,3.8K,3800
51,thezachchoi,Zach Choi,8M,9.2M,9200000,789.2K,789200,2.7K,2700,3.8K,3800
52,morimura,MoriMuraüçï,9.5M,4.8M,4800000,772.6K,772600,5.8K,5800,6.9K,6900
53,yano4kaa.aaa,yano4kaa,4.7M,9.2M,9200000,1M,1000000,1.6K,1600,3.1K,3100
54,salzabilll_,s a l z a b i l l x üîÆ,8.1M,8.5M,8500000,709K,709000,4.6K,4600,2.4K,2400
55,elpugaa,Puga,10.3M,6.7M,6700000,680.1K,680100,2.3K,2300,6.9K,6900
56,kukombo,H,4.8M,11.4M,11400000,888.1K,888100,3K,3000,1.2K,1200
57,brookemonk_,Brooke Monk,26.3M,8.2M,8200000,852K,852000,3.5K,3500,2.2K,2200
58,yvesbissonsturgeonco,yves,1.2M,8.2M,8200000,320K,320000,3K,3000,11.8K,11800
59,mewsuppasit21,mewsuppasit,1.5M,4.2M,4200000,864.8K,864800,6.8K,6800,3.2K,3200
60,therock,The Rock,64.3M,3.6M,3600000,626K,626000,8K,8000,7.8K,7800
61,elina_karimovaa,üêöElina_Î¶¨ÎÇòÎåÄÏû•Îãòü§ç,12.7M,7.2M,7200000,783.6K,783600,3.1K,3100,3.2K,3200
62,bigchungus.tik,BigChungus,9.2M,10.3M,10300000,909.6K,909600,2.5K,2500,1.3K,1300
63,domelipa,domelipa,62M,5.8M,5800000,779.9K,779900,5.3K,5300,2.5K,2500
64,mikaylahau,Mikaylah,5.8M,6.1M,6100000,415.6K,415600,10.3K,10300,3.3K,3300
65,mrnigelng,Nigel Ng (Uncle Roger),7.3M,4.6M,4600000,676.6K,676600,3.1K,3100,6.8K,6800
66,jakefresca,Fresca Fresh,387.5K,3M,3000000,560.7K,560700,3.8K,3800,14.2K,14200
67,bellaamtz,Bella,1M,5.5M,5500000,813.5K,813500,3K,3000,3.4K,3400
68,guiedits_,guieditss,149.6K,3M,3000000,653.9K,653900,3.2K,3200,11.4K,11400
69,niallhoran,Niall Horan,4.8M,2.2M,2200000,701K,701000,9.2K,9200,9.3K,9300
70,shellyclouds,Shelly Clouds,1.5M,11.1M,11100000,695.5K,695500,506,506,3.1K,3100
71,jayandsharon,Jay & Sharon,2.4M,4.2M,4200000,488.6K,488600,2.1K,2100,11.4K,11400
72,kane,kane,3.2M,4.6M,4600000,685.4K,685400,2K,2000,6.3K,6300
73,future_millionaires,Future Millionaires,754.8K,5.7M,5700000,790.2K,790200,4.1K,4100,1.7K,1700
74,kyliejenner,Kylie Jenner,50.4M,7.5M,7500000,793.1K,793100,2.8K,2800,1.6K,1600
75,rubentuestaok,Ruben Tuesta,25.4M,5.7M,5700000,648.5K,648500,1.9K,1900,5.1K,5100
76,ferxxo444,Feid,5.5M,3.6M,3600000,715.7K,715700,2.9K,2900,6.6K,6600
77,onwardwanna,Wannaü•ä,8.4M,4.7M,4700000,827.1K,827100,4.8K,4800,1.4K,1400
78,montpantoja,Montpantoja,36.9M,7M,7000000,1.2M,1200000,2K,2000,1K,1000
79,nekoglai,–ù–∏–∫–æ–ª–∞–π,10M,4.7M,4700000,440.5K,440500,9.3K,9300,2.4K,2400
80,esnyrrr,Esnyr,6M,5.1M,5100000,813.8K,813800,2K,2000,3.7K,3700
81,skythedogtrainer,skythedogtrainer,31.4K,14M,14000000,1.2M,1200000,678,678,705,705
82,mclomaofficiall,mclomaofficial,6M,6.7M,6700000,1M,1000000,2.2K,2200,1.2K,1200
83,lechilinh88,L√™ Ch√≠ Linh,4.1M,7.5M,7500000,513.3K,513300,4.4K,4400,1.3K,1300
84,pongamoslo_a_prueba,Pong√°moslo a Prueba,38.2M,7.5M,7500000,898.8K,898800,1.8K,1800,1.6K,1600
85,nianaguerrero,Niana Guerrero,35.1M,7.9M,7900000,725.8K,725800,2.1K,2100,1.8K,1800
86,druskitv,DRUSKI,3.8M,2.8M,2800000,533.6K,533600,4K,4000,10.4K,10400
87,jaykindafunny8,Jaykindafunny,25M,8.4M,8400000,582.8K,582800,2.1K,2100,2.2K,2200
88,zodiac.boyfriend,Zodiac Boyfriendü™êüîÆ,2.7M,4M,4000000,386.7K,386700,7.4K,7400,5.9K,5900
89,andrewlepage23,Andrew Le Page,209K,4.4M,4400000,390.3K,390300,3.6K,3600,7.8K,7800
90,pandkourt,Kourtney-Penelope,5M,10.1M,10100000,846K,846000,0,0,2.3K,2300
91,pinkpantheress,üòòüôà‚ò∫Ô∏è,1.7M,3.4M,3400000,732.4K,732400,5.8K,5800,1.7K,1700
92,bellapoarch,Bella Poarch,92.6M,6M,6000000,482.2K,482200,4.8K,4800,1.5K,1500
93,thethinktok,The Think Tok,782.4K,2.8M,2800000,284.6K,284600,5.1K,5100,18.2K,18200
94,livvy,Olivia Dunne,6.5M,4.9M,4900000,550.8K,550800,4.6K,4600,2.1K,2100
95,falcopunch,Falco,13.2M,3.7M,3700000,522.6K,522600,4.8K,4800,4.4K,4400
96,vibin.wit.tay,Tay,5.4M,2.5M,2500000,486.4K,486400,3.2K,3200,11.4K,11400
97,swagboygorringe,Daniel Gorringe,7M,3.1M,3100000,347.2K,347200,6K,6000,10.5K,10500
98,sadiafza,Sadia,2.7M,5.3M,5300000,749K,749000,2.2K,2200,2.1K,2100
99,ryanbakery,ùôçùôÆùôñùô£ùòΩùôñùô†ùôöùôßùôÆ,3.2M,3.8M,3800000,466.8K,466800,4.3K,4300,5.2K,5200
100,zachking,Zach King,72.1M,11.5M,11500000,466.4K,466400,1.6K,1600,1.5K,1500
101,docdami,Doc Dami,4.1M,4.7M,4700000,759.1K,759100,2.2K,2200,2.3K,2300
102,mdmotivator,Zachery Dereniowski,11.3M,4.9M,4900000,834.2K,834200,2.7K,2700,1.2K,1200
103,cool__bad,Kuan - Aisha üîé,2.8M,9.4M,9400000,565.4K,565400,1.7K,1700,1.2K,1200
104,kallmekris,Kris HC,47.6M,3.6M,3600000,715.5K,715500,3.8K,3800,2.1K,2100
105,angelaaguilar_,Angela Aguilar :),10.7M,5.4M,5400000,469.8K,469800,2.3K,2300,3.6K,3600
106,joshtgodfrey,Josh Godfrey,1.1M,3.7M,3700000,464.6K,464600,3.9K,3900,4.7K,4700
107,kieram.litchfield,Kieram Litchfield,2.3M,5.9M,5900000,708.8K,708800,2.2K,2200,1.2K,1200
108,kervo.dolo,Kervo.dolo,10.5M,3.1M,3100000,515.7K,515700,3.1K,3100,5.7K,5700
109,winnermaxyt,WinnerMax,7.1M,6.4M,6400000,421.5K,421500,1.7K,1700,3.4K,3400
110,olisboa,LISBOA,3.9M,4.3M,4300000,740.3K,740300,1.1K,1100,3K,3000
111,imeyhou,Meyden,5M,4.8M,4800000,802.4K,802400,2.7K,2700,658,658
112,lilireinhart,Lili Reinhart,5.6M,4.2M,4200000,602.9K,602900,1.8K,1800,3.3K,3300
113,therealemilylin,Emily Lin,238.9K,5.2M,5200000,655.3K,655300,3.5K,3500,258,258
114,nourmar5,nourmar5,14.7M,3.1M,3100000,190.4K,190400,10K,10000,11.6K,11600
115,selenagomez,Selena Gomez,44.9M,4.5M,4500000,545.6K,545600,3.7K,3700,1.3K,1300
116,kumulator,Kumul√°tor z√°bavy,123K,2.3M,2300000,207K,207000,4.6K,4600,20.8K,20800
117,spencer_serafica,Xspencer,14.1M,4.2M,4200000,497.6K,497600,3.7K,3700,2.1K,2100
118,jesusnalgas,JESUSNALGAS,3.9M,3.4M,3400000,325.9K,325900,4.3K,4300,6.3K,6300
119,makeup_rhk,makeup_rhk,860.3K,4.3M,4300000,812.8K,812800,556,556,2.8K,2800
120,duncanyounot,Duncan Joseph,4.4M,2.9M,2900000,560.1K,560100,2.7K,2700,4.2K,4200
121,sijad_qasim,ÿ≥ÿ¨ÿßÿØ ŸÇÿßÿ≥ŸÖ,2.3M,5.9M,5900000,171.6K,171600,4K,4000,6.9K,6900
122,lance210,Lance Stewart,22.7M,4.2M,4200000,420K,420000,1.8K,1800,4.3K,4300
123,ivanaalawi,Ivana Alawi,8.6M,5.9M,5900000,606.5K,606500,2K,2000,956,956
124,muluerror,"Nama gue Rian, tp bkn babayo",672.8K,6.1M,6100000,395.6K,395600,2.1K,2100,2.3K,2300
125,millennialmonroe,Mandy,112.1K,4.8M,4800000,270.4K,270400,1.6K,1600,6.4K,6400
126,whatslucasup2,Lucas Peterson BMX art,467.7K,3.6M,3600000,301.7K,301700,3.3K,3300,5.9K,5900
127,willsmith,Will Smith,73M,4.7M,4700000,514.6K,514600,2.2K,2200,2K,2000
128,marisol.viola,marisol viola,1.5M,2.4M,2400000,411.2K,411200,3K,3000,7.3K,7300
129,nicolebloomgarden,Nicole Bloomgarden,675.6K,2.3M,2300000,451.3K,451300,1.9K,1900,7.7K,7700
130,thelondoncharles,London Charles,6.9M,3.3M,3300000,598.9K,598900,3.5K,3500,1.5K,1500
131,jimmydarts,Jimmy Darts,9.8M,4.3M,4300000,607.7K,607700,2.9K,2900,894,894
132,antourny,Antony Santos,2.6M,4.8M,4800000,527.4K,527400,3K,3000,788,788
133,thallyssonsb,Thallysson Borges,11.6M,2.7M,2700000,372K,372000,3.7K,3700,5.7K,5700
134,itsblasphemus,üó£üì±itsblasphemus,994.5K,3.1M,3100000,383K,383000,2.4K,2400,5.6K,5600
135,yerimuaa,Yeri MUA,5.3M,7.3M,7300000,645.7K,645700,1.4K,1400,485,485
136,raredoodle,rare doodle,2.1M,3.1M,3100000,425K,425000,3.1K,3100,3.9K,3900
137,hf37777,‡ºä‡∑¥ŸÜÿ¨ŸçŸÖŸÄ ÿßŸÑŸèÿ´ŸÄÿ±ŸçŸäŸéÿßÿ°„ÄÑ‡øê,801.5K,1.3M,1300000,85.2K,85200,4.3K,4300,80.4K,80400
138,brentrivera,Brent Rivera,45.8M,4.6M,4600000,557.4K,557400,2.3K,2300,1.2K,1200
139,tifannylm,‚ö°Ô∏èTEF,9.3M,5.8M,5800000,709K,709000,972,972,1.2K,1200
140,alexisomman,Alexis Omman,11.5M,2.7M,2700000,403.7K,403700,6.5K,6500,1.6K,1600
141,theofficecurrently,The Office Currently,308K,2.2M,2200000,172.1K,172100,1.3K,1300,22.4K,22400
142,keniaos,KeniaOs,16.6M,3.2M,3200000,515K,515000,3.3K,3300,2K,2000
143,ali.klose11,ÿπŸÑŸä ŸÉŸÑŸàÿ≤Ÿá,2.4M,3.4M,3400000,357.5K,357500,5.1K,5100,2K,2000
144,alexwaarren,Alex warren,15.6M,5.2M,5200000,854.6K,854600,1K,1000,902,902
145,bilalahy,Bilal,4.2M,3.2M,3200000,497.7K,497700,2.2K,2200,3.1K,3100
146,ferchugimenez,Fernanda,8.2M,4.7M,4700000,825.8K,825800,1K,1000,1.2K,1200
147,the.sign.guy,Austin Mollno,7.2M,4.6M,4600000,660.7K,660700,2.1K,2100,571,571
148,therealhammytv,TheRealHammyTV,16.1M,6.4M,6400000,227.3K,227300,1.3K,1300,4.4K,4400
149,bu3qeel,abu aqeel üôÜüèª‚Äç‚ôÄÔ∏è,1.2M,4.1M,4100000,217.2K,217200,3.9K,3900,5.3K,5300
150,attahalilintar,Atta Halilintar,13.3M,5.2M,5200000,448K,448000,1.9K,1900,1.5K,1500
151,thekapelariz,The Kapelari Family,2.5M,2.8M,2800000,253K,253000,4.6K,4600,6.7K,6700
152,zusjeofficial,ZUSJE,8.3M,6.1M,6100000,334.6K,334600,2.7K,2700,1.2K,1200
153,jaxwritessongs,Jax,12.9M,3.3M,3300000,433.4K,433400,4.6K,4600,876,876
154,luismariz,Luis Mariz,12.7M,7M,7000000,555.6K,555600,648,648,1.4K,1400
155,pablitocastilloo,pablitocastilloo,6.4M,2.7M,2700000,269.1K,269100,1.7K,1700,9.1K,9100
156,jvke,JVKE,9.9M,2.7M,2700000,517.8K,517800,2.8K,2800,2.7K,2700
157,jombospice,JOMBOSPICE,9.8M,5.6M,5600000,648.9K,648900,1.6K,1600,554,554
158,julieevlorentzen,julie,4.2M,4.8M,4800000,634.8K,634800,2K,2000,547,547
159,adamw,Adam W,17.7M,4.1M,4100000,322K,322000,2K,2000,3.8K,3800
160,garett__nolan,Garett Nolan,13.4M,2.7M,2700000,351.3K,351300,2.9K,2900,5.2K,5200
161,ayesebastien,Sebastien,8.1M,2.8M,2800000,550.5K,550500,1.9K,1900,3K,3000
162,la_lerma,LERMITA,13.4M,3M,3000000,567.4K,567400,2.1K,2100,2.2K,2200
163,soysuco,Soysuco,14M,3.7M,3700000,373.9K,373900,4.7K,4700,652,652
164,lyodrabeneran,Lyodra Ginting,2.5M,4.3M,4300000,558.1K,558100,1.9K,1900,1.2K,1200
165,pietro_morello,Pietro Morello,3.1M,6.6M,6600000,464.4K,464400,1.5K,1500,889,889
166,_andrewcurtiss,Andrew Curtis,2.9M,2M,2000000,408.8K,408800,5.8K,5800,3.1K,3100
167,good.boy.ollie,Good Boy Ollie,5.2M,2.2M,2200000,398.1K,398100,2.6K,2600,5.5K,5500
168,shxtsngigs,ShxtsNGigs Podcast,5.9M,2.6M,2600000,467.2K,467200,1.1K,1100,4.6K,4600
169,addisonre,Addison,88.7M,5.3M,5300000,304.9K,304900,2.4K,2400,2K,2000
170,chriscoquyt,Chris Coquyt,136.2K,2.4M,2400000,353.8K,353800,3.6K,3600,4.6K,4600
171,hisoyvaleria,valeria üñ§,9.9M,3.9M,3900000,454.1K,454100,1.6K,1600,2.3K,2300
172,joaoferdnan,Jo√£o Ferdnan,8.8M,2.3M,2300000,274.6K,274600,4.1K,4100,6.9K,6900
173,graciajessicajane,Jessica Janeüåô,11.6M,4.9M,4900000,510.4K,510400,1.9K,1900,806,806
174,sabrenorris,Sabre Norris,3.8M,3.1M,3100000,321.1K,321100,6.3K,6300,584,584
175,official_nct,NCT Official,9.2M,2.3M,2300000,572.5K,572500,3.3K,3300,1.9K,1900
176,ustazebitlew,Ebit Lew,4.6M,2.7M,2700000,213.1K,213100,6K,6000,5.6K,5600
177,sromero29,Samuel29,599.1K,1.7M,1700000,112.9K,112900,887,887,34.4K,34400
178,augustogimenez,AugustoGimenez,15M,5.3M,5300000,653.5K,653500,1.3K,1300,528,528
179,grannybibbins,Granny,944.8K,1.5M,1500000,162.2K,162200,1.7K,1700,24.6K,24600
180,jairsanchezzz,Jair Sanchez,8M,2.1M,2100000,349.8K,349800,2K,2000,6.7K,6700
181,k0uvr,Kouvr,14M,4.3M,4300000,616.5K,616500,954,954,1.4K,1400
182,katjakrasavice,KatjaKrasavice,2.8M,1.9M,1900000,255.5K,255500,11.4K,11400,1.4K,1400
183,janneksplace,Janneksplace,2M,2.7M,2700000,334.2K,334200,5.4K,5400,1.6K,1600
184,allanpendong4,Allan Pendong,130.2K,3.5M,3500000,245.3K,245300,4.1K,4100,3K,3000
185,aureliehermansyahatta,Aurelie Hermansyah,9.8M,5.8M,5800000,351.5K,351500,1.9K,1900,1K,1000
186,kulinaria.recetas,AGUS LIPORACE,4.5M,2.2M,2200000,299.6K,299600,281,281,8.6K,8600
187,areyoukiddingtv,AreYouKiddingTV,5.7M,4.8M,4800000,665.7K,665700,1.4K,1400,385,385
188,faryanggaa,Ryann,6.1M,3.5M,3500000,470.5K,470500,2.3K,2300,1.2K,1200
189,_lilg4,LIL G‚≠êÔ∏è,3M,2.6M,2600000,406K,406000,2.7K,2700,2.7K,2700
190,_angelomarasigan,Angelo,4M,4M,4000000,564.8K,564800,1.7K,1700,833,833
191,adamalhidayat,ADAMALHDYT,3.8M,5.7M,5700000,472.2K,472200,1.1K,1100,1K,1000
192,larissagloor,ùóüùóÆùóøùó∂ùòÄùòÄùóÆ ùóöùóπùóºùóºùóø,4.2M,3.6M,3600000,418.7K,418700,2.4K,2400,1.4K,1400
193,bomanizer,Bomanizer,1.9M,1.9M,1900000,381.1K,381100,2.3K,2300,5.4K,5400
194,miakhalifa,Mia K.,36.6M,3.9M,3900000,227.2K,227200,4.9K,4900,1.4K,1400
195,jacobday,Jacob Day,6.5M,2.5M,2500000,476.2K,476200,3.5K,3500,1.1K,1100
196,matheuskriwat,Matheuskriwat,11.2M,3.7M,3700000,236.2K,236200,5.8K,5800,523,523
197,calebwsimpson,CALEB SIMPSON,6.5M,4.5M,4500000,449.9K,449900,1K,1000,1.7K,1700
198,cheekyboyos,the cheeky boyos,11M,3.8M,3800000,475.2K,475200,1.8K,1800,1.2K,1200
199,oliviergiroud,Olivier Giroud,1.3M,2.7M,2700000,452.5K,452500,2.7K,2700,1.8K,1800
200,vincentgiganteee,Vincent Gigante,2.6M,3.3M,3300000,607.7K,607700,1K,1000,1.7K,1700
201,thebenjishow,benji,6.2M,2.8M,2800000,458.3K,458300,1.3K,1300,2.9K,2900
202,joaodoce,Joao Doce,3.3M,3.4M,3400000,352.9K,352900,2.8K,2800,1.7K,1700
203,andrea.dvrs,Dapaneyü¶ã,2.6M,5.2M,5200000,526.1K,526100,1.3K,1300,709,709
204,officialbhafc,Brighton & Hove Albion FC,600.3K,4.6M,4600000,389K,389000,2.2K,2200,729,729
205,claudiaraia,Claudia Raia,2.8M,3.2M,3200000,446.1K,446100,2.6K,2600,1.1K,1100
206,elsaucepapii,SaucePapii22,1.5M,2.4M,2400000,219.9K,219900,684,684,9.3K,9300
207,werenotreallystrangers,WNRS,4.8M,2M,2000000,315.9K,315900,2.8K,2800,5.4K,5400
208,marianagrimaldii,La Ni√±a Fresa üçì,3.8M,4.5M,4500000,414K,414000,636,636,2.2K,2200
209,qamar_altaey,ùëÑùê¥ùëÄùê¥ùëÖ,4.4M,2.1M,2100000,238.4K,238400,3.8K,3800,6.9K,6900
210,melmaia,Mel Maia üçØ,14M,4.8M,4800000,476.6K,476600,1.2K,1200,1.1K,1100
211,outtpig,OuttPig,2.4M,2.3M,2300000,431.9K,431900,1.5K,1500,3.7K,3700
212,edgar3104,Edgarmendez,5.7M,6.8M,6800000,284.8K,284800,1.7K,1700,958,958
213,christianchavezreal,Christian Ch√°vez,1.7M,2.2M,2200000,336.4K,336400,3.9K,3900,3K,3000
214,championsleague,Champions League,20.3M,2.8M,2800000,474K,474000,1.9K,1900,2K,2000
215,gordonramsayofficial,Gordon Ramsay,35.6M,4.6M,4600000,388.2K,388200,2.3K,2300,613,613
216,dixiedamelio,dixie,57.5M,4.7M,4700000,356.6K,356600,2.1K,2100,923,923
217,maxtaylorlifts,Max Taylor,9.4M,3.2M,3200000,440.8K,440800,2K,2000,1.6K,1600
218,oironyoliveira,Kbuloso üòà,7.1M,1.5M,1500000,132K,132000,412,412,25K,25000
219,marko,marko,11.2M,2.3M,2300000,275.3K,275300,3.4K,3400,4.6K,4600
220,dinosonso_ofc,DinoSonso,8.8M,2.5M,2500000,194.1K,194100,4.4K,4400,5.9K,5900
221,firmanskd,ùôÜùôäùòæùòºùôâ,3.1M,2.2M,2200000,174.6K,174600,632,632,12.3K,12300
222,oficialrc3,Roberto Carlos,3.6M,5.1M,5100000,397K,397000,901,901,1.5K,1500
223,danythegaggio,Daniele Cabras,3.5M,2.4M,2400000,290.7K,290700,1.6K,1600,5.6K,5600
224,tina_042,ùíØùíæùìÉùí∂,1.3M,2.4M,2400000,504.9K,504900,2.1K,2100,1.9K,1900
225,pedroallann,Pedroca,2.9M,2.3M,2300000,422.5K,422500,2.5K,2500,2.4K,2400
226,piffpeterson,piff peterson,3.9M,3.3M,3300000,379.5K,379500,1.5K,1500,2.3K,2300
227,jongmineyo,Ï¢ÖÎØºÏò§Îπ†  Jongmin oppa,15.2M,4.3M,4300000,275.3K,275300,1.8K,1800,2.2K,2200
228,jumpersjump,Jumpers Jump Podcast,8.4M,3.7M,3700000,351.9K,351900,2.2K,2200,1.6K,1600
229,piitien1603,pi ti√™n ‚Ñ¢,1.7M,3.8M,3800000,288.3K,288300,2.2K,2200,2.1K,2100
230,gehu.gl,Gerson Garcia,573.3K,2M,2000000,129K,129000,1.9K,1900,16.5K,16500
231,mesitaaa,Mesita,486.9K,3.2M,3200000,550.7K,550700,947,947,1.7K,1700
232,szivsz,Ziva Magnolya,2.1M,4.3M,4300000,479.7K,479700,1.4K,1400,857,857
233,dilanjaniyar,Emang namanya Dilan,2.2M,4.1M,4100000,393.6K,393600,1.8K,1800,1.2K,1200
234,fernandamotafarhat,Fe,7.3M,3.3M,3300000,349.3K,349300,733,733,3.3K,3300
235,stickyboy69,stickyboy69,9.2M,1.3M,1300000,298.7K,298700,9.1K,9100,2.8K,2800
236,juliagisella,juliagisella,13.5M,3M,3000000,377.1K,377100,2.4K,2400,1.6K,1600
237,mieayamthebstt,Unaaüçú,17M,3.1M,3100000,339.9K,339900,2.6K,2600,1.8K,1800
238,frankielapenna,Frankie LaPenna,5.7M,6.8M,6800000,227.9K,227900,1.2K,1200,1.8K,1800
239,jdpantoja,JD Pantoja,31.9M,2.5M,2500000,451.1K,451100,3.3K,3300,784,784
240,davidcstt_,David Costa,6.2M,3M,3000000,514K,514000,1.7K,1700,1.2K,1200
241,badboyrema,Rema,2.7M,3.1M,3100000,421K,421000,2.6K,2600,894,894
242,simxmargo,Seamoan {1M+},1M,2.4M,2400000,493.1K,493100,2.1K,2100,1.7K,1700
243,elainebabey,ELAINEBABEY,142.8K,1.7M,1700000,280.4K,280400,3.6K,3600,5.9K,5900
244,chinguamiga,Chingu Amiga,20.7M,4.2M,4200000,566.2K,566200,1.5K,1500,393,393
245,siscakohl,Sisca Kohl,13M,4.4M,4400000,369.1K,369100,1.9K,1900,716,716
246,santiperezvivas,Santi Perez,3.5M,2.5M,2500000,450.9K,450900,1.4K,1400,2.5K,2500
247,jessnolimit999,Jess No Limit,6.9M,4.1M,4100000,379.5K,379500,2.2K,2200,536,536
248,b.blek,b.blek,3.3M,3.1M,3100000,244.6K,244600,2.2K,2200,3.5K,3500
249,jacksepticeye,Jacksepticeye,5M,2.3M,2300000,476K,476000,2.7K,2700,1.1K,1100
250,saramohannad_,Sara,9M,3.6M,3600000,220.7K,220700,3.7K,3700,1.6K,1600
251,andrewrousso,Andrew Rousso,2.8M,1.1M,1100000,245.8K,245800,2K,2000,13.4K,13400
252,murphslife,Aaron Murphy,6M,1.9M,1900000,250K,250000,4.7K,4700,3.9K,3900
253,haileesteinfeld,Hailee Steinfeld,3.6M,1.6M,1600000,273.9K,273900,7K,7000,2.2K,2200
254,abir.sag,Abir el saghir,18.9M,3.2M,3200000,236K,236000,4.2K,4200,1.1K,1100
255,paytonking,Payton King,5.3M,1.7M,1700000,388.2K,388200,2.7K,2700,3.4K,3400
256,winniedom,Winnie Dominguez üåª,499.7K,1.8M,1800000,305.5K,305500,2K,2000,5.2K,5200
257,lukas.urkijo,Lukas urkijo,2M,2M,2000000,422K,422000,3.4K,3400,1.3K,1300
258,nia.ramadhani.bakrie,Nia Ramadhani Bakrie,2.1M,4.1M,4100000,337.1K,337100,1.6K,1600,1.2K,1200
259,fredziownik_art,Franek Bielak,12.9M,6.7M,6700000,300.2K,300200,1.6K,1600,340,340
260,fedez,fedez,5.9M,2.6M,2600000,381K,381000,1.5K,1500,2.6K,2600
261,ser_jay,Hello It‚Äôs me SerJay,5.6M,2M,2000000,303.1K,303100,2.1K,2100,4.3K,4300
262,ketnipz,Ketnipz,5.3M,1.7M,1700000,274.1K,274100,558,558,7.7K,7700
263,cookingwithlynja,Lynja,14.5M,1.9M,1900000,193.5K,193500,10K,10000,429,429
264,katiavlogss,KATIAVLOGSüêí,15.1M,4.8M,4800000,552.9K,552900,571,571,872,872
265,cbum,Chris Bumstead,3.8M,3M,3000000,231.5K,231500,983,983,4.4K,4400
266,recider,Recider,2.2M,2.1M,2100000,546.4K,546400,1.1K,1100,2.2K,2200
267,moosenyc2,moose,1M,3M,3000000,388.1K,388100,1.2K,1200,2K,2000
268,linatejeiro8,Lina Tejeiro,4.6M,3.7M,3700000,311.7K,311700,1.8K,1800,1.4K,1400
269,jakehunterofficial,Jake hunter,3.7M,3.4M,3400000,270.3K,270300,2K,2000,2K,2000
270,dylan.page,Dylan Page,4.9M,1.9M,1900000,278K,278000,4.2K,4200,2.7K,2700
271,nurse.johnn,nurse.johnn,3.3M,1.6M,1600000,226.7K,226700,1.2K,1200,8.8K,8800
272,lilnasx,lil nas x,29.1M,2.6M,2600000,371.1K,371100,2.2K,2200,1.5K,1500
273,catherineealicia,catheez,2M,3.2M,3200000,362.1K,362100,1.8K,1800,1.3K,1300
274,aleatoriamente7777,Gabriel Aleatoriamente,2M,1.5M,1500000,353.6K,353600,5.1K,5100,1.6K,1600
275,isaac.h.p.karaoke.backup,Isaac H.P Karaoke Backup,2M,1M,1000000,225.5K,225500,6.4K,6400,9.4K,9400
276,aydas,Aydas,14.9M,4.5M,4500000,326.4K,326400,1.8K,1800,558,558
277,anokhinalz,–ênokhina Liza,39M,4.1M,4100000,406.6K,406600,1.8K,1800,294,294
278,bryan_skabeche,Bryan SKabeche,7.2M,4.9M,4900000,485.5K,485500,987,987,486,486
279,wuesilva,Wue Silva,14.3M,3M,3000000,305.4K,305400,1.4K,1400,2.5K,2500
280,daviddobrik,DAVID DOBRIK,26.4M,3M,3000000,423.7K,423700,884,884,1.9K,1900
281,victtoriamedeiros,Victt√≥ria Medeiros,8.7M,2.8M,2800000,337.1K,337100,1.2K,1200,2.5K,2500
282,datvilla94,üî•ƒê·∫°t Villaüî•,7.3M,1.7M,1700000,200.7K,200700,6.6K,6600,3.8K,3800
283,cody.taurus,Cody Taurus,740.6K,1.3M,1300000,155.5K,155500,1.4K,1400,15.3K,15300
284,anwar,Anwar Jibawi,13.1M,2.3M,2300000,310.7K,310700,2.4K,2400,2.3K,2300
285,marlene2995,Marlenebenitez,12M,4M,4000000,305.7K,305700,1.4K,1400,1.4K,1400
286,jkartsoccer_tiktok,JKartsoccer,1.5M,5.8M,5800000,288.9K,288900,813,813,1.2K,1200
287,bellacampox,Bella Campos,786.4K,2.5M,2500000,372.4K,372400,2.3K,2300,1.4K,1400
288,lionfieldmusic,lionfield,5.9M,2.6M,2600000,294.9K,294900,2.9K,2900,1.6K,1600
289,andrefernm,Andr√© Fernandes,387.3K,888.5K,888500,111.9K,111900,5.7K,5700,28.3K,28300
290,mandrake1984real,Giuseppe Mandrake Ninno,1.6M,2.1M,2100000,250.4K,250400,1.1K,1100,5.2K,5200
291,elena_oki,Elena,1.3M,2M,2000000,352.2K,352200,1.5K,1500,3.2K,3200
292,prokhozhy,–í–∏–∫—Ç–æ—Ä –ü–∞–∫,1.4M,1.8M,1800000,161K,161000,1.7K,1700,9.4K,9400
293,tangmokoko,‡πÅ‡∏ï‡∏á‡πÇ‡∏° ‡πÇ‡∏Å‡πÇ‡∏Å‡πâ‡∏õ‡∏±‡πà‡∏ô,1.1M,3.2M,3200000,445.7K,445700,707,707,1.6K,1600
294,haileybieber,Hailey Bieber,10.5M,3.3M,3300000,398.5K,398500,1.5K,1500,972,972
295,mackenzieziegler,Mackenzie Ziegler,22.4M,4.4M,4400000,694.3K,694300,700,700,369,369
296,canalzezao,Zez√£o,7.7M,2M,2000000,166.5K,166500,2.2K,2200,7.7K,7700
297,francoescamillaofficial,Franco Escamilla,18.3M,3.1M,3100000,372.2K,372200,498,498,2.3K,2300
298,agnesmelo_oficial,Agnes Melo,6M,3.7M,3700000,410.9K,410900,1.1K,1100,1K,1000
299,shenacinnamon,Shenina Cinnamon,598K,6.4M,6400000,478.2K,478200,542,542,499,499
300,inpersa16,Indah permatasari,2.3M,3.9M,3900000,295K,295000,1.6K,1600,1.1K,1100
301,smtown_official,SMTOWN,2.8M,1.8M,1800000,379.6K,379600,2.9K,2900,1.8K,1800
302,ive.official,IVE.official,3.6M,1.8M,1800000,334.3K,334300,4K,4000,1.3K,1300
303,jostyle_17,Jostyle17,1.6M,2.4M,2400000,290.4K,290400,1.1K,1100,3.5K,3500
304,unnecessaryinventions,Unnecessary Inventions,6M,3.1M,3100000,303.1K,303100,2.5K,2500,876,876
305,felipenpv,Felipe Paiva,5M,2M,2000000,361K,361000,2.5K,2500,1.8K,1800
306,itskingchris,KingChristian,18.3M,2.1M,2100000,386.3K,386300,2.6K,2600,1.3K,1300
307,jackjos3ph,Jack Joseph,3.4M,1.7M,1700000,258.6K,258600,3.1K,3100,3.9K,3900
308,leleburnier,LEL√ä BURNIER,2.7M,1.8M,1800000,424.3K,424300,3.3K,3300,777,777
309,theacefamily,Theacefamily,6.5M,4.1M,4100000,521K,521000,0,0,1.4K,1400
310,vilmeijuga,VILMEI‚ú®,21.4M,3.3M,3300000,267.5K,267500,2.1K,2100,1.4K,1400
311,divabry,‚öúÔ∏èDIVABRY‚öúÔ∏è,4.3M,2.9M,2900000,369.9K,369900,1.5K,1500,1.3K,1300
312,jeffwittek,jeff,2M,3.9M,3900000,496.8K,496800,526,526,1K,1000
313,oli_natu,Oli Natu,11.2M,2.8M,2800000,361.8K,361800,1.5K,1500,1.5K,1500
314,erictro,Eric Tro,4.9M,3.6M,3600000,397.5K,397500,560,560,1.5K,1500
315,mozzacella.cheez,Mozzarella Cheese,69K,2.1M,2100000,281.4K,281400,4K,4000,1.1K,1100
316,jubiandxian,jubiandxian,6.4M,2.8M,2800000,486.9K,486900,1.1K,1100,1.1K,1100
317,shamichef21,Shamichef,2.6M,3.7M,3700000,113.6K,113600,2K,2000,5.1K,5100
318,arigameplays,AriGameplays,23.6M,2.9M,2900000,415.8K,415800,1.6K,1600,897,897
319,dudamaryah,dudamaryah,6.8M,2.4M,2400000,435.5K,435500,1.5K,1500,1.3K,1300
320,camilo,Camilo,29.6M,4.1M,4100000,417.9K,417900,1.2K,1200,520,520
321,shakira,Shakira,27.3M,3.1M,3100000,305.8K,305800,2.3K,2300,747,747
322,axelwebber,Axel,4.4M,2.8M,2800000,384K,384000,1.7K,1700,1.1K,1100
323,katelynrosebrown,KatelynBrown,1.9M,3.3M,3300000,375.7K,375700,1.4K,1400,1K,1000
324,kaansanity,aakaanksh,5M,3.3M,3300000,159.9K,159900,1.5K,1500,4K,4000
325,andresgjohnson,Andres Johnson256,4.7M,1.9M,1900000,237.6K,237600,1.1K,1100,5.5K,5500
326,zhcyt,ZHC,15.4M,3.3M,3300000,466K,466000,1.5K,1500,410,410
327,cedriklorenzen,Cedrik Lorenzen,3.2M,1.3M,1300000,180K,180000,3.6K,3600,8.4K,8400
328,emiliamernes,EMILIA,5M,3.9M,3900000,403.3K,403300,869,869,920,920
329,tooturnttony,Tooturnttony,18.8M,2.9M,2900000,340.9K,340900,2.3K,2300,513,513
330,moisesturcioss,Moises Turcios‚ìÇÔ∏è,1.2M,1.9M,1900000,115.9K,115900,1.7K,1700,10.8K,10800
331,marcel.ruiz,Marcel Ruiz,303.1K,1.5M,1500000,374.5K,374500,3.3K,3300,1.7K,1700
332,pakoyaso_,Pakoyaso,14.5M,4.2M,4200000,500.1K,500100,758,758,574,574
333,phuonganhcun97,L√™ Ph∆∞∆°ng Anh,1.6M,4M,4000000,314K,314000,1.7K,1700,520,520
334,emrata,Emrata,2.1M,3.4M,3400000,323K,323000,867,867,1.6K,1600
335,ygnazz,NAS,2.5M,2.2M,2200000,318.9K,318900,1.7K,1700,2.3K,2300
336,twice_tiktok_officialjp,TWICE JAPAN OFFICIAL,4.8M,1.3M,1300000,276.5K,276500,4.8K,4800,2.9K,2900
337,syifahadjuuuuuuu,Syifa Hadju,4.1M,3.3M,3300000,473.8K,473800,1.2K,1200,513,513
338,xule079,X√π L√®O,1.8M,5.3M,5300000,235.1K,235100,2K,2000,213,213
339,vanessalopesr,Vanessa Lopes,26.9M,2.9M,2900000,275.6K,275600,2.2K,2200,1.3K,1300
340,fahmi.nm,Fahmi,8.8M,3.3M,3300000,437.7K,437700,1.2K,1200,759,759
341,postmalone,Post Malone,14.4M,1.6M,1600000,221K,221000,2.8K,2800,4.9K,4900
342,kekepalmer,Keke Palmer,7M,1.8M,1800000,313.9K,313900,2.2K,2200,2.6K,2600
343,mrcaqui,Facundo Izquierdo,7.1M,1M,1000000,294.1K,294100,1.5K,1500,7.4K,7400
344,madelineargy,madz,3.3M,3.2M,3200000,574.8K,574800,976,976,463,463
345,los_chicaneros,Los_chicaneros,5.2M,2.3M,2300000,235.4K,235400,1.5K,1500,3.4K,3400
346,kaelimaee,kaeli mae,12.4M,3.2M,3200000,435.9K,435900,1.1K,1100,786,786
347,sara.wais,Sara Waisglass,4.4M,2.4M,2400000,502K,502000,1.7K,1700,481,481
348,anas_elshayib,ÿßŸÜÿ≥ ÿßŸÑÿ¥ÿßŸäÿ®,4.6M,3.5M,3500000,182.4K,182400,2.3K,2300,1.7K,1700
349,jjeverettrose,Jake Joseph Everett-Rose,4.3M,2.3M,2300000,375.1K,375100,1.6K,1600,1.5K,1500
350,sauud_70,ÿ≥ÿπŸàÿØ ÿßŸÑŸÇÿ≠ÿ∑ÿßŸÜŸä,2.7M,3.3M,3300000,111.7K,111700,5.6K,5600,1.4K,1400
351,simonservidamusic,simonservidamusic,126.4K,2.3M,2300000,252K,252000,1.8K,1800,2.7K,2700
352,itstaylerholder,Tayler Holder,20M,4.8M,4800000,301.2K,301200,1.2K,1200,601,601
353,rafaelsantos,Rafael Santos,19.4M,2.8M,2800000,417.3K,417300,1.7K,1700,497,497
354,poorlifecx,Poorlifecx,1.3M,4M,4000000,160.6K,160600,1.9K,1900,2.1K,2100
355,retomiguel,Jen & Miguel,3.2M,2.4M,2400000,267.8K,267800,564,564,3.5K,3500
356,johnsonfiles,The Johnson Files,296.6K,1.6M,1600000,181.5K,181500,476,476,8.3K,8300
357,yura.yunita,Yura Yunita,1.1M,2.7M,2700000,340.6K,340600,1.6K,1600,1.2K,1200
358,islasvlogs_,Islas Vlogs,2.8M,4.1M,4100000,445.1K,445100,740,740,638,638
359,cardncyn,Carddd,4.9M,4M,4000000,589.2K,589200,682,682,383,383
360,pkllipe,Pk,20.1M,2M,2000000,422.2K,422200,1.2K,1200,1.7K,1700
361,gregoriopernia,gregorioperniaoficial,5M,3M,3000000,195.4K,195400,2.5K,2500,1.7K,1700
362,adrianbliss,Adrian Bliss,7.6M,2.8M,2800000,444K,444000,576,576,1.4K,1400
363,joycaledelire,JoycaLeDelire,3.6M,2M,2000000,325.6K,325600,1.6K,1600,2.2K,2200
364,andy.and.michelle,Andy & Michelle,6.1M,2.7M,2700000,328.5K,328500,1K,1000,1.8K,1800
365,nalgalia.g,natiüëΩ,15.8M,5.6M,5600000,393.3K,393300,666,666,449,449
366,libardoisaza,Libardo Isaza,20M,4M,4000000,455.1K,455100,1K,1000,350,350
367,tonyeffebaby777,tonyeffebaby777,674.5K,2.2M,2200000,304.6K,304600,1.3K,1300,2.3K,2300
368,avascreams,ava,1.3M,1.8M,1800000,367.7K,367700,2.7K,2700,956,956
369,febrastanty,Febbyrastanty,1.2M,4.6M,4600000,250K,250000,1K,1000,1.1K,1100
370,leigh_mcnasty,Leigh McClendon,3.6M,1.5M,1500000,175.6K,175600,1.6K,1600,7.5K,7500
371,yazidzohri,Yazid Zohri,2.8M,1.5M,1500000,96.1K,96100,14.2K,14200,2.3K,2300
372,jaynagy,JAY JAMES NAGY,8.8M,1.3M,1300000,171.8K,171800,601,601,9.8K,9800
373,viraltvro,Viral Videos,249.7K,3.7M,3700000,111.8K,111800,927,927,4.8K,4800
374,yurinya1128,„ÇÜ„Çä„Å´„ÇÉ,795.5K,4M,4000000,194.7K,194700,2.1K,2100,887,887
375,kehlani,Kehlani,4.1M,2.2M,2200000,320.5K,320500,1.9K,1900,1.5K,1500
376,jameshenry,James Henry,4.1M,4.9M,4900000,446.2K,446200,424,424,640,640
377,mdrr05,üá©üáøŸÖÿ±ŸàÿßŸÜ ÿßŸÑÿ®ÿßÿ™ŸÜŸäüòÇ,3.2M,2.4M,2400000,125.9K,125900,1.6K,1600,6.2K,6200
378,e_l_k_s_a_7_a,üî± ÿßŸÑŸÉÿ≥ÿßÿ≠Ÿá üî±,7.5M,2.2M,2200000,245.4K,245400,2.4K,2400,1.9K,1900
379,pete_pamana,petepamana,3.3M,1.9M,1900000,225.6K,225600,3.6K,3600,1.6K,1600
380,suavexavier,Savyy,13.4M,1.9M,1900000,312.7K,312700,2.4K,2400,1.4K,1400
381,voronina_valeria_,Valeria Voronina,4.2M,4.9M,4900000,278.1K,278100,969,969,698,698
382,anna..paull,Anna Paul,5.8M,2.7M,2700000,460.4K,460400,1.5K,1500,326,326
383,jairitosolano,jairito,2.3M,4.4M,4400000,306.3K,306300,674,674,983,983
384,axelviewoficial,AxelView,4.2M,1.8M,1800000,186K,186000,999,999,5.6K,5600
385,kallmewhateveryouwant,kallmewhateveryouwant,11.7M,1.9M,1900000,362.8K,362800,2.8K,2800,415,415
386,dennysumargoreal,DENNY SUMARGO,3.8M,4.2M,4200000,217.6K,217600,1.6K,1600,832,832
387,barak.ff,Barak.ff,234K,1.6M,1600000,178.9K,178900,5.2K,5200,2.4K,2400
388,thelandofboggs,The Land Of Boggs,6M,2.5M,2500000,350.9K,350900,518,518,2K,2000
389,isramy,Ramy Chaaban,3.8M,2.2M,2200000,314.4K,314400,1.5K,1500,1.6K,1600
390,agilmarferreira,Agilmar Ferreira,1.6M,3M,3000000,225.1K,225100,627,627,2.6K,2600
391,rauwalejandro,rauwalejandro,12.7M,4.3M,4300000,215.2K,215200,1K,1000,1.3K,1300
392,t_400,ÿ¨ŸàŸÇŸäüíö,4.2M,2.1M,2100000,212K,212000,2.9K,2900,1.9K,1900
393,sarbeeston,Sarah Beeston,4.2M,3.1M,3100000,316K,316000,1.6K,1600,541,541
394,herranwalt,Herr Anwalt,6M,1.9M,1900000,262.4K,262400,2K,2000,2.3K,2300
395,2ndshuichiro,2nd ‰øÆ‰∏ÄÊúó,376.4K,4M,4000000,126.8K,126800,922,922,3.3K,3300
396,elbernas321,BernaVeo2010,2.5M,1.1M,1100000,121.7K,121700,471,471,15.4K,15400
397,lisefalfio,Lisef Alfio,2M,2.3M,2300000,217.3K,217300,847,847,3.4K,3400
398,strangehuman,nova,11.4M,2.3M,2300000,322.2K,322200,1.4K,1400,1.5K,1500
399,yurilamasbella,Yuri Lamasbella,2.8M,1.7M,1700000,191.6K,191600,2.7K,2700,3.8K,3800
400,darrellthorne,Thornedarrell,911K,2.3M,2300000,254.1K,254100,1.3K,1300,2.3K,2300
401,farhanrn__,FARHAN,5.9M,2.4M,2400000,331.8K,331800,1.5K,1500,1.1K,1100
402,self.videos,self.videos,723.3K,3.7M,3700000,472.7K,472700,694,694,488,488
403,cindy.or1,cindy.or,132.5K,1.7M,1700000,416.1K,416100,1.2K,1200,1.7K,1700
404,iniganta,Ganta üêÆ,1.7M,2.3M,2300000,195.5K,195500,3K,3000,1.6K,1600
405,morganpresleyxo,Morgan Presley,5.5M,2.4M,2400000,389.6K,389600,744,744,1.4K,1400
406,johaanzu,JohaanZu,4.4M,2.5M,2500000,319.6K,319600,1.3K,1300,1.2K,1200
407,minami.0819,ü¶ÑüíôMINAMIüíôü¶Ñ,1.8M,1.2M,1200000,161.9K,161900,8.8K,8800,1.6K,1600
408,thebandmcmillan,The Band McMillan,896.9K,2.5M,2500000,212.6K,212600,1.7K,1700,2.1K,2100
409,lee.cuong,Lee C∆∞·ªùng,1.2M,3.9M,3900000,151.3K,151300,1.9K,1900,1.5K,1500
410,cesarpantoja.n,Cesar Pantoja,15.2M,3.5M,3500000,391.5K,391500,1.2K,1200,266,266
411,zachlanebryan,Zach Bryan,1.3M,958.4K,958400,212.8K,212800,2.4K,2400,7.3K,7300
412,mattchessco,Matt Chessco,2.7M,15M,15000000,151.3K,151300,656,656,213,213
413,losariasbrothers,Los Arias,1.6M,1.8M,1800000,261K,261000,637,637,3.7K,3700
414,karna.val,üéÄ–ö–ê–†–ù–ê–í–ê–õüéÄ,24.8M,2M,2000000,196.4K,196400,3.1K,3100,2K,2000
415,jdiasss_,Jo√£o Dias,8.2M,1.7M,1700000,382.3K,382300,1.8K,1800,1.2K,1200
416,realfunnymarco,FunnyMarco,1.8M,1.2M,1200000,154K,154000,2.5K,2500,7.8K,7800
417,pierson,Pierson,14.2M,2.7M,2700000,331.3K,331300,1.9K,1900,211,211
418,jonata_26,Jonata,6.9M,2.4M,2400000,354K,354000,663,663,1.6K,1600
419,isaiahgarza,Isaiah Garza,8M,1.7M,1700000,269.2K,269200,2.8K,2800,1.4K,1400
420,kessel_nathan_official,Nathan Kessel,9.1M,2.6M,2600000,169.6K,169600,758,758,3.6K,3600
421,soy_marcela4,Soy_marcela,5.4M,1.7M,1700000,295.5K,295500,722,722,3K,3000
422,fedevigevani,Fede Vigevani,15.4M,2.2M,2200000,284K,284000,2.5K,2500,491,491
423,chourouk.model_official,Chourouk_model_official,6M,4M,4000000,207.4K,207400,760,760,1.5K,1500
424,thecoreyb,Corey B,9M,1.2M,1200000,174.6K,174600,977,977,8K,8000
425,artistadasencasa,artistadas en casa,6.2M,5.1M,5100000,294.4K,294400,450,450,783,783
426,isandrep,andreina perdomo,4.3M,6.2M,6200000,233.2K,233200,918,918,362,362
427,sabrinacarpenter,Sabrina Carpenter,13.3M,1.6M,1600000,386.3K,386300,2.2K,2200,843,843
428,dina_kalanta,Dina_Kalanta,3.9M,3.8M,3800000,196.1K,196100,1.6K,1600,821,821
429,brittikitty,Brittany & Lily,15M,2.4M,2400000,326.7K,326700,1.3K,1300,1K,1000
430,nelkboys,NELKBOYS,4.3M,2.2M,2200000,168.1K,168100,1.6K,1600,3.3K,3300
431,ailaughatmyownjokes,"it's a me, Silvia :)",2.5M,1.4M,1400000,254.4K,254400,1.3K,1300,3.8K,3800
432,kpifthatscool,KP Parker,293.1K,1.4M,1400000,277.1K,277100,3.1K,3100,1.4K,1400
433,miguelmartinezoficial,MiguelMartinez,2.1M,3.2M,3200000,131.5K,131500,517,517,3.7K,3700
434,vidhia_r,üêáVidhi_Rüêá,7.7M,1.4M,1400000,163.4K,163400,5.3K,5300,2.8K,2800
435,shayvise,Shayvise,4.3M,2.4M,2400000,366.7K,366700,1.7K,1700,269,269
436,christiaancaarrasco,christian‚úåüèº,11K,1.2M,1200000,153.9K,153900,770,770,8.7K,8700
437,jessie.shen,Jessie,6.8M,2.7M,2700000,338.6K,338600,1.3K,1300,686,686
438,andydesu,Andy Watabe,622.9K,2.6M,2600000,301.2K,301200,1.2K,1200,1.1K,1100
439,jahkhalib,Jah Khalib,857.4K,1.8M,1800000,249.5K,249500,957,957,3K,3000
440,meghantrainor,Meghan Trainor,16.1M,3.8M,3800000,272.3K,272300,1.2K,1200,477,477
441,leozitorocha1,Leozito Rocha,1.7M,1.2M,1200000,121.7K,121700,2K,2000,9.8K,9800
442,bequietjoe,joe hegyes,121.5K,2.9M,2900000,269.3K,269300,906,906,1.3K,1300
443,fatkitchens,Fatkitchens,27.6K,2.8M,2800000,149.4K,149400,530,530,3.6K,3600
444,annecurtissmith,Anne Curtis,1.8M,2.1M,2100000,368.1K,368100,1.2K,1200,1K,1000
445,theshabakitchen,The Shaba Kitchen,2.5M,1.8M,1800000,153.5K,153500,2.4K,2400,3.8K,3800
446,dafnnejm,dafnne ‚òª,5M,2.6M,2600000,520.1K,520100,812,812,473,473
447,namemnjtv12,MNJ TV(‡∏ï‡∏±‡∏ß‡∏à‡∏£‡∏¥‡∏á),7.6M,3.3M,3300000,285.6K,285600,1.5K,1500,346,346
448,kingbach,KingBach,27.7M,2.1M,2100000,316.5K,316500,673,673,1.9K,1900
449,bradtheboxer,Just brad,2.5M,2.4M,2400000,147.8K,147800,1.6K,1600,3.3K,3300
450,slick.stevie,Steve,3.3M,1.7M,1700000,243.7K,243700,442,442,3.6K,3600
451,lexbra,Lexbra.yt,768.6K,5.8M,5800000,329.1K,329100,700,700,176,176
452,imarayulloa1,Tik Toker,4.9M,1.7M,1700000,125K,125000,1.5K,1500,6.6K,6600
453,miguelito_peru,Miguel Alessandro,2.7M,1.9M,1900000,156.4K,156400,953,953,4.6K,4600
454,cv.wo,ŸÖÿ≠ŸÖÿØ ÿßŸÑÿ£ŸÖŸäÿ±,608.8K,2M,2000000,116.8K,116800,3.3K,3300,3.8K,3800
455,thinhung99,Th·ªã Nhung,6.5M,1.7M,1700000,189.7K,189700,4.8K,4800,373,373
456,ltripping,ltripping,62.2K,2.2M,2200000,229.2K,229200,1.2K,1200,2.1K,2100
457,jose_arrt,Jos√©,2.3M,3.8M,3800000,149.1K,149100,2.4K,2400,518,518
458,chefschwarz,Chefschwarz,4.7M,1.8M,1800000,217.6K,217600,1.7K,1700,2.4K,2400
459,mamalindy,Lindy and Jlo,14M,3.3M,3300000,243.8K,243800,1.1K,1100,880,880
460,nessaabarrett,Ness,19.8M,2.6M,2600000,257.4K,257400,1.2K,1200,1.3K,1300
461,keisyaleprongka,keisya levronka,602.1K,6M,6000000,161.7K,161700,534,534,1.1K,1100
462,carolcastromx,Carol Castro,13.5M,3.8M,3800000,368.1K,368100,856,856,295,295
463,mikaylanogueira,Mikayla Nogueira,13.8M,2.4M,2400000,278.3K,278300,1.9K,1900,498,498
464,hesfinatia,PINATüçÖ|| IG: @hesfinatia,9.6M,4.1M,4100000,361.3K,361300,819,819,264,264
465,spriteder_spd,Prite Netijen Netirattanapaiboon,5.3M,4.2M,4200000,416.7K,416700,666,666,258,258
466,ms.mawma,CERTIFIED LEOO,611.4K,1.1M,1100000,297.5K,297500,2.6K,2600,2.3K,2300
467,daz_black,daz_black,7.7M,1.4M,1400000,272.4K,272400,2K,2000,2.1K,2100
468,nathaliavalente,Nathalia,15.1M,2.7M,2700000,344.4K,344400,1.3K,1300,436,436
469,hoaa.hanassii,ƒê√†o L√™ Ph∆∞∆°ng Hoa,13.2M,2.9M,2900000,250.2K,250200,1.4K,1400,807,807
470,cznburak,cznburak,66.3M,3.2M,3200000,205.1K,205100,1.7K,1700,681,681
471,priv_mav,MAV ü¶¶,8.1M,2.7M,2700000,290.8K,290800,588,588,1.4K,1400
472,christophersturniolo,Christopher Sturniolo,4M,1.5M,1500000,243.4K,243400,2.8K,2800,1.4K,1400
473,jimena.jimenezr,Jimena,25.7M,2.3M,2300000,353.5K,353500,900,900,1K,1000
474,duolingo,Duolingo,5.3M,1.2M,1200000,186.9K,186900,5.8K,5800,1.2K,1200
475,mariolcalderon,Mario Calderon,2.3M,731.2K,731200,169.9K,169900,2.6K,2600,9.9K,9900
476,davidyrodriguez,That French Guy,8.3M,1.8M,1800000,352.8K,352800,1.7K,1700,771,771
477,sharky,Sharky ü¶à,1.1M,1.7M,1700000,294.9K,294900,2K,2000,1.2K,1200
478,manja_faiez,Manja,1.3M,1.8M,1800000,218K,218000,2.1K,2100,2K,2000
479,justicia_y_verdad,justicia y verdad,43.5K,1.9M,1900000,76.1K,76100,1.6K,1600,9K,9000
480,nhuchuu0909,Nh∆∞ Chuu üéÄ,1.8M,5.5M,5500000,327.9K,327900,643,643,200,200
481,logfive,Logan,2.8M,2M,2000000,195.2K,195200,1.4K,1400,2.6K,2600
482,drewafualo,Drew Afualo,7.8M,1.7M,1700000,261.7K,261700,3.1K,3100,391,391
483,williamlast_krm,William Last KRM,9M,2.1M,2100000,174.1K,174100,2.5K,2500,1.6K,1600
484,datdo0803,ƒê·ªó ƒê·∫°t,7.7M,3.2M,3200000,298.2K,298200,1.1K,1100,437,437
485,luis_sal,Luis,593.3K,1.4M,1400000,211.2K,211200,1.5K,1500,3.6K,3600
486,realjohnmaggi,John Maggi,1M,1.1M,1100000,240.9K,240900,2.4K,2400,3.2K,3200
487,mammybanter,Mammy Banter,1.8M,1.1M,1100000,126.8K,126800,1.5K,1500,9.6K,9600
488,lorrayneoliveiraofc,Lorrayne Oliveira,6.2M,2M,2000000,245.3K,245300,2.7K,2700,248,248
489,ben,ben,5.2M,3.6M,3600000,271K,271000,1K,1000,460,460
490,abbieherbert,AbbieHerbert,14.4M,3.6M,3600000,406K,406000,698,698,301,301
491,jadethirlwall,Jade Thirlwall,2M,2M,2000000,243.4K,243400,2.4K,2400,646,646
492,thewizardliz,Thewizardliz,2.3M,2M,2000000,335.4K,335400,679,679,1.5K,1500
493,braclya,Brady Arthur,646.8K,1.7M,1700000,186.1K,186100,2.1K,2100,2.5K,2500
494,giannis_an34,Giannis Antetokounmpo,3.9M,2.3M,2300000,380.1K,380100,960,960,698,698
495,landonbarkerr,Landon Barker,4.4M,2.4M,2400000,365.2K,365200,1.2K,1200,438,438
496,unlabeled_,Paula üêÑ,1.4M,2.4M,2400000,399.9K,399900,923,923,577,577
497,bryansant_,Bryan Sant,2.1M,1.3M,1300000,250.9K,250900,1.5K,1500,3.1K,3100
498,equipedefrance,Equipe de France,9M,2.7M,2700000,252.9K,252900,1.2K,1200,918,918
499,morgandrinkscoffee,Morgan Eckroth,5.8M,2.7M,2700000,523K,523000,612,612,385,385
500,notorious_foodie,Notorious Foodie,2.9M,2.1M,2100000,165.6K,165600,763,763,3.3K,3300
501,ayanakamachi,‰∏≠Áî∫Á∂æ,1.5M,3M,3000000,230.4K,230400,1.1K,1100,897,897
502,katiessigmond,katie sigmond,7M,2.3M,2300000,330.6K,330600,967,967,863,863
503,missdouaa.officiel,missdouaa,9.7M,2.5M,2500000,186.5K,186500,1.5K,1500,1.4K,1400
504,kenti.best.boi,kenti üê∏,1.3M,1.3M,1300000,263.9K,263900,1.9K,1900,2.1K,2100
505,gensho_yasuda,ÂÆâÁî∞ÁèæË±°üß¨„ÇØ„É©„Éï„Ç°„É≥‰∏≠ÔºÅ,2.5M,2.4M,2400000,315.1K,315100,775,775,1.1K,1100
506,matt_mathews,Matt Mathews,2.9M,1.2M,1200000,163.8K,163800,3.4K,3400,3.6K,3600
507,guavajuice,guava,7.1M,3.4M,3400000,269K,269000,1.3K,1300,180,180
508,im_rawan0,ÿ±ŸàÿßŸÜ|Rawan,3.1M,2.9M,2900000,168.8K,168800,2.2K,2200,681,681
509,mariavaniamv,Maria Vania,5.4M,3.7M,3700000,144.5K,144500,1.2K,1200,1.3K,1300
510,isaach.p,Isaac H.P,3.5M,970.1K,970100,162.6K,162600,7.3K,7300,1.4K,1400
511,samhurley,SAMHURLEYüåä,3.6M,1.2M,1200000,277K,277000,2.2K,2200,1.8K,1800
512,keemokazi,KEEMOKAZI,31.8M,3.3M,3300000,306.2K,306200,1K,1000,322,322
513,argento_oficial,Argento Oficial,88.9K,1.3M,1300000,140K,140000,1.3K,1300,6.1K,6100
514,chikakiku,üñ§üôÜüèª‚Äç‚ôÄÔ∏è‚ú®üßöüèª,8.6M,4.5M,4500000,230K,230000,536,536,759,759
515,karenbarreraoficial,Karen Barrera,16.7M,2.7M,2700000,329K,329000,360,360,1.1K,1100
516,omgitsmiahhhhh,miah :),76.9K,1M,1000000,272.3K,272300,3.5K,3500,1.4K,1400
517,realnikocadoavocado,Nikocado Avocado,2M,1.8M,1800000,103.5K,103500,3.6K,3600,3.7K,3700
518,fayneee,Unaverage Student,3.1M,2.4M,2400000,193.1K,193100,2.3K,2300,599,599
519,joe.bartolozzi,Joe Bartolozzi,21M,1.8M,1800000,301.6K,301600,1.9K,1900,492,492
520,adrian.uribe,AdrianUribe,4.1M,1.4M,1400000,187.7K,187700,1.7K,1700,3.3K,3300
521,abo.zizo,€©‚ô•€© ÿπÿßÿ¶ŸÑÿ© ÿßÿ®Ÿà ÿ≤Ÿäÿ≤Ÿà €©‚ô•€©,6M,3.5M,3500000,174.1K,174100,843,843,1.3K,1300
522,oldtimehawkey,Old Time Hawkey,6.7M,1.4M,1400000,207.4K,207400,2.1K,2100,2.4K,2400
523,maiaknight,Maia Knight,8.8M,2.7M,2700000,485.7K,485700,700,700,301,301
524,incorrectlyroce,Roce Ordo√±ez,9.2M,2.4M,2400000,385.7K,385700,779,779,634,634
525,manhtienkhoi_,M·∫°nh Ti·∫øn Kh√¥i üêØ,5.3M,2.1M,2100000,170.1K,170100,2.5K,2500,1.1K,1100
526,vhackerr,Vinnie,15.2M,1.6M,1600000,263.3K,263300,2.2K,2200,856,856
527,olivertree,Oliver Tree,14.5M,2.9M,2900000,253.6K,253600,1.2K,1200,568,568
528,cravityofficial,CRAVITY,1.8M,1.3M,1300000,262.6K,262600,2.3K,2300,1.6K,1600
529,millyshaparoni,Milly Shapiro,466.7K,3.1M,3100000,444.3K,444300,646,646,282,282
530,fionntime,FionnTime,2.7M,1.7M,1700000,287.9K,287900,1.4K,1400,1.3K,1300
531,tarynbeeman,Taryn Beeman,62.2K,1.4M,1400000,263.7K,263700,1.1K,1100,2.3K,2300
532,yurielkysojeda,Yurielkys Ojeda üï∑,15.7M,1.7M,1700000,246.3K,246300,967,967,2K,2000
533,caseysimpson,Casey Simpson‚ú®,10.1M,1.7M,1700000,379K,379000,1.1K,1100,938,938
534,anggun_supriadi91,anggun‚ú®,19.4M,5.5M,5500000,143.8K,143800,969,969,628,628
535,babyziela,puteriakie33,1.1M,1.6M,1600000,65K,65000,7.6K,7600,4.8K,4800
536,tai.tl2,tai_tl,1.1M,1M,1000000,201.4K,201400,2K,2000,4.2K,4200
537,douhalaribiii,Douha laribii,9.7M,2.6M,2600000,237.8K,237800,1.5K,1500,533,533
538,dan_churchill,The Healthy Chef,407.1K,3.4M,3400000,452K,452000,654,654,154,154
539,ryanmackmusic,Ryan Mack,1.8M,1.2M,1200000,163.2K,163200,1.1K,1100,5.5K,5500
540,ivancornejooo,Ivan bruh,1.6M,902.7K,902700,224.7K,224700,3.2K,3200,2.9K,2900
541,lana_mohd89,ùë≥ùë®ùëµùë® ü¶ã,6.2M,2M,2000000,138K,138000,2.1K,2100,2.5K,2500
542,jujumaoo,Juju,701.5K,2.4M,2400000,254.6K,254600,671,671,1.3K,1300
543,petruskaksurtep,Petruska,1.7M,2.2M,2200000,300.2K,300200,1K,1000,824,824
544,justthenobodys,JustTheNobodys,9.2M,2.7M,2700000,171.8K,171800,1.8K,1800,847,847
545,andyslife247,Andy‚Äôs Life,2.2M,2.5M,2500000,228.7K,228700,1.6K,1600,537,537
546,fhd.artz,ŸÅŸáÿØ ÿ¢ÿ±ÿ™ || Fahadüé®,2.4M,2.5M,2500000,164.5K,164500,1.1K,1100,1.9K,1900
547,fahryy20,A Fahry,1.8M,1.9M,1900000,345K,345000,1.3K,1300,574,574
548,grandma_droniak,grandma_droniak,6M,1.5M,1500000,218.2K,218200,1.4K,1400,2.3K,2300
549,letskwoowk,KWOOWK with Kevin,3.3M,1.5M,1500000,175.7K,175700,4K,4000,597,597
550,mamatot99,Opie,1.7M,1.2M,1200000,162.9K,162900,5.8K,5800,622,622
551,deshawnharrisss,Deshawn ‚ú™,2.1M,1.1M,1100000,190.9K,190900,1.4K,1400,4.2K,4200
552,ryanhdlombard,Ryan Lombard,9.8M,1.9M,1900000,362.8K,362800,1K,1000,723,723
553,nadia,Nadia,3.3M,2.5M,2500000,172.6K,172600,1.7K,1700,1.1K,1100
554,juliano,juliano,11.4M,2.8M,2800000,322.7K,322700,772,772,574,574
555,sonrixs_,Sonrixs,15.2M,3.5M,3500000,358.1K,358100,526,526,410,410
556,pimpiriya1,PIM PIRIYA,1.5M,2.1M,2100000,411.2K,411200,696,696,654,654
557,nada_m7amed,ÿØŸàÿØÿßü¶πüèªü§ç,6.6M,2.3M,2300000,215.8K,215800,928,928,1.4K,1400
558,zainah.mb,Zainah & Minnie,2.1M,1M,1000000,241.3K,241300,996,996,3.8K,3800
559,rl.carbona,rl carbona,1.3M,1.7M,1700000,257.3K,257300,1.5K,1500,1.1K,1100
560,msshiandmrhe,Ms Shi & Mr He,3.9M,2.5M,2500000,278.1K,278100,924,924,719,719
561,yunggravy,Yung Gravy üçØ,7M,1.8M,1800000,313.1K,313100,925,925,1.1K,1100
562,kaylamalecc,kayla,9.7M,1.9M,1900000,297.7K,297700,1.8K,1800,155,155
563,twinny__girls,Prisma_Princyüë≠,7.3M,1.9M,1900000,181.7K,181700,2.5K,2500,677,677
564,beca,beca,27.5M,2.3M,2300000,237.2K,237200,1.4K,1400,635,635
565,danivallem,Dani Valle,5.4M,1.1M,1100000,79.5K,79500,589,589,12.1K,12100
566,taylorrandsoph,TAYLOR & SOPHIA,3.9M,1.8M,1800000,266.6K,266600,827,827,1.5K,1500
567,analuciadominguezactriz,Analuciadominguez,3.4M,1.8M,1800000,136K,136000,428,428,4.2K,4200
568,thaycouuto,Thay Couto,4.2M,1.8M,1800000,344.8K,344800,923,923,832,832
569,otakoyakisoba,otakoyakisoba,16M,2M,2000000,181.6K,181600,676,676,2.3K,2300
570,aurikatariina,·¥Ä·¥ú Ä…™ ‚ú®,8.1M,3.4M,3400000,266.6K,266600,474,474,722,722
571,krizzsolano,Krizz Solano,90K,1.1M,1100000,194.5K,194500,339,339,4.7K,4700
572,qpark,Q Park,34.6M,2.7M,2700000,183.3K,183300,1K,1000,1.2K,1200
573,hiib531,Ÿáÿ®ÿ© ÿßŸÑŸäŸàŸèÿ≥ŸÅ,1M,5.2M,5200000,104.8K,104800,1.1K,1100,909,909
574,dilanjaniyar_2,Emang Dilan namanya,2.7M,2.1M,2100000,229.9K,229900,1.5K,1500,688,688
575,h2woofficial,H2WO,5M,3.1M,3100000,275.6K,275600,641,641,636,636
576,xibibrothers,Xibi Brothers,8.9M,2.9M,2900000,247.3K,247300,705,705,786,786
577,khairulaming,Khairulaming,2.3M,1.9M,1900000,182.7K,182700,1.4K,1400,1.7K,1700
578,jennialarcon_,Jenni Alarcon,4M,1.9M,1900000,368K,368000,978,978,536,536
579,thepsh8,Psh8,1.1M,1.3M,1300000,241.3K,241300,1.6K,1600,1.7K,1700
580,topperguild,Topper Guild,30.4M,3.2M,3200000,165.7K,165700,1.8K,1800,209,209
581,maluborgesm,MALU BORGES,3.7M,1.2M,1200000,214.2K,214200,3.3K,3300,775,775
582,kunaguero,Sergio AguÃàero,8.5M,2.6M,2600000,258K,258000,1.1K,1100,499,499
583,sanzone,Michael Sanzone,3.2M,2.5M,2500000,382K,382000,434,434,659,659
584,lauralove5514,LauraLove,7.8M,1.9M,1900000,315.3K,315300,1.4K,1400,417,417
585,www.luluca,luluca üíó,2.9M,1.2M,1200000,121.5K,121500,5.2K,5200,1.9K,1900
586,philiptanasas,philiptanasas,9.5M,3.1M,3100000,266.1K,266100,815,815,441,441
587,cemresolmaz,cemre solmaz,10.5M,2.1M,2100000,123.6K,123600,2.9K,2900,1.1K,1100
588,trevorwallace,trevor wallace,9.3M,1.3M,1300000,242.1K,242100,709,709,2.6K,2600
589,tavi_castro,Tavi Castro,308.4K,1.9M,1900000,219.4K,219400,1.1K,1100,1.4K,1400
590,jakekrantz,Jake Krantz,2.5M,1.1M,1100000,187.2K,187200,687,687,4.2K,4200
591,rodigarrido,Rodi Garrido,2M,2.2M,2200000,114.7K,114700,469,469,3.6K,3600
592,noholito,Noholito,5.6M,1.8M,1800000,240.6K,240600,1.3K,1300,1.1K,1100
593,yasincengiz38,YasinCengiz,4.1M,2.1M,2100000,112.8K,112800,1.4K,1400,2.9K,2900
594,carenalegria,Caren y Coco ‚ô•Ô∏è,3M,2.1M,2100000,139.7K,139700,2.4K,2400,1.1K,1100
595,dobretwins,Lucas and Marcus,37.1M,2.8M,2800000,227.5K,227500,1.2K,1200,406,406
596,nazormaya,Maya Nazor,6.3M,3.6M,3600000,271K,271000,837,837,206,206
597,karenkardasha,Karenkardasha,2.1M,1.4M,1400000,121K,121000,3.7K,3700,2.4K,2400
598,pedroarcafra,PEDRO ARCAFRA,3.1M,930.9K,930900,67.5K,67500,1.4K,1400,14.8K,14800
599,brilionaire,Bang Bio‚ú®,4.8M,1.5M,1500000,209.7K,209700,684,684,2.5K,2500
600,com.yamato0515,„Äê„Ç≥„É†„Éâ„ÉÉ„Éà„Äë„ÇÑ„Åæ„Å®,1.9M,1.3M,1300000,158.7K,158700,3.6K,3600,1.3K,1300
601,ryan.maxwell22,Ryan Maxwell,3.1M,1.4M,1400000,200.1K,200100,510,510,3.1K,3100
602,tuckot,tuck,2.8M,892.7K,892700,140.2K,140200,1K,1000,7K,7000
603,kanwal.135,Kanwalayüé∂,17.1M,2.7M,2700000,249.9K,249900,978,978,503,503
604,darklightcr,Dark Light,2.1M,2.4M,2400000,114.1K,114100,899,899,2.8K,2800
605,vienhz,·¥ç·¥á ü·¥†…™…¥ ú·¥ÄÍú±·¥Ä…¥‚òØ,29.8K,2.4M,2400000,222.7K,222700,990,990,856,856
606,bessan_esmail,ÿ®Ÿäÿ≥ÿßŸÜ ÿßÿ≥ŸÖÿßÿπŸäŸÑ - Bessan Ismail,12.1M,2.3M,2300000,137.8K,137800,1.9K,1900,1.2K,1200
607,wigofellas,wigofellas,35M,2.9M,2900000,172.1K,172100,920,920,1.1K,1100
608,victormelo,Victor Melo,22.9M,1.7M,1700000,260.1K,260100,1K,1000,1.2K,1200
609,abo_qamae,ÿßÿ®Ÿà ŸÇŸÖÿßÿπüôÇ‚ù§Ô∏è,2.2M,2M,2000000,177.6K,177600,1.6K,1600,1.2K,1200
610,junpei.zaki,junpei zaki,15.2M,924.9K,924900,73K,73000,14.3K,14300,87,87
611,connorprice__,Connor Price,3.7M,2M,2000000,240.8K,240800,1.2K,1200,811,811
612,chris,Chris Olsen,9.3M,2.3M,2300000,333.1K,333100,816,816,441,441
613,sidetalknyc,Sidetalk,4.4M,1.2M,1200000,190.3K,190300,476,476,3.7K,3700
614,boywithuke,boywithuke,6.8M,1.4M,1400000,310.5K,310500,1.9K,1900,343,343
615,n.vv3,ŸÜÿßÿµÿ± || üá∏üá¶ alsubaie,5.1M,1.8M,1800000,106.5K,106500,3K,3000,2K,2000
616,siganviendo59,jeancarlo MTB,11.2M,2.4M,2400000,187.9K,187900,1.3K,1300,856,856
617,forrestsautoreviews,Forrest Jones,5.6M,1.4M,1400000,194.4K,194400,1.2K,1200,2.3K,2300
618,althea420,ALTHEAüòà,2M,1.4M,1400000,109.7K,109700,4.1K,4100,2.1K,2100
619,itsjaylaaw,üñ§üñ§üñ§,3.1M,1.3M,1300000,233K,233000,2.2K,2200,945,945
620,camidelossan,Cami de los Santos,381.8K,1.6M,1600000,179.5K,179500,805,805,2.5K,2500
621,t0edirt,Lindsey,161.3K,1.1M,1100000,260.7K,260700,365,365,2.9K,2900
622,liam_cast.oficial,Liam Tha Lion,3.6M,1.6M,1600000,273.1K,273100,562,562,1.6K,1600
623,sittnaing20,Sitt Naing,638.2K,2.7M,2700000,237.5K,237500,976,976,494,494
624,emmanuelmacron,Emmanuel Macron,3.5M,1.4M,1400000,119K,119000,5K,5000,802,802
625,1_alkaisr_1,üî±üåπÿßŸÑŸÇŸäÿµÿ±üåπüî±,12.8M,2M,2000000,175.7K,175700,816,816,1.8K,1800
626,mateuspesce,Mateus pesce,7.6M,1.4M,1400000,172K,172000,1.2K,1200,2.8K,2800
627,ecrinsucoban,Ecrin su √ßoban,1.4M,2.2M,2200000,137.6K,137600,2.4K,2400,612,612
628,binochemtienganh,Bino ch√©m ti·∫øng Anh,685.9K,2.1M,2100000,150.6K,150600,2.6K,2600,331,331
629,danielarodrice,Daniela Rodrice,11.2M,2.2M,2200000,384.4K,384400,724,724,372,372
630,burnaboyofficial,Burna Boy,2.8M,1.6M,1600000,184.1K,184100,1.6K,1600,1.5K,1500
631,d3zmachado,GGüåü,1.2M,1.7M,1700000,281.6K,281600,1.4K,1400,465,465
632,noeselmismo,No√©,1.3M,1M,1000000,147.5K,147500,1.1K,1100,4.8K,4800
633,aemilst,ems,1.8M,1.9M,1900000,214.6K,214600,1.2K,1200,1K,1000
634,padillamarilis,padillamarilis,1M,2.4M,2400000,131.9K,131900,1.2K,1200,1.6K,1600
635,fidias0,Fidias,1.1M,2.7M,2700000,306.4K,306400,1K,1000,78,78
636,gemelasortega,Gemelas Ortega,19.4M,3.8M,3800000,340.6K,340600,396,396,290,290
637,philipdefranco,Philip DeFranco,2.3M,1.5M,1500000,166.7K,166700,2.7K,2700,851,851
638,elrodcontreras,RODü´†,42.2M,2.3M,2300000,269.7K,269700,1.2K,1200,232,232
639,londokampung.official,Londokampung,806K,4.3M,4300000,249.1K,249100,560,560,270,270
640,karinateixeeira,Karina Teixeira,1.9M,1.4M,1400000,190K,190000,2.2K,2200,1.2K,1200
641,lamvlog,L√¢m Vlog,1.5M,2.4M,2400000,207.2K,207200,1.5K,1500,264,264
642,ironwanda,jayden,226.2K,1.8M,1800000,288.6K,288600,1.1K,1100,581,581
643,lewiscapaldi,Lewis Capaldi,4.2M,1.7M,1700000,199.3K,199300,1.1K,1100,1.5K,1500
644,lizzza,Liza Koshy,30.3M,1.6M,1600000,357.8K,357800,783,783,733,733
645,crisdevilgamer7,CrisDevilGamer,5.1M,3.1M,3100000,195.9K,195900,1.2K,1200,264,264
646,ritaspam15,ritaspam15,1.8M,2M,2000000,429.5K,429500,264,264,723,723
647,anas_fikry,Anas fikry,12.4M,2.4M,2400000,143.9K,143900,1.1K,1100,1.4K,1400
648,tariqjamilofcl,Tariq Jamil,2.9M,985.9K,985900,150.1K,150100,646,646,5.2K,5200
649,dannygrubs,Danny Kim,4M,2.7M,2700000,314K,314000,654,654,364,364
650,jayrscottyy,Jay,3.1M,924K,924000,226.8K,226800,1.9K,1900,2.2K,2200
651,nardwuar,Nardwuar,5M,1.4M,1400000,316.3K,316300,1.5K,1500,483,483
652,doombreaker03,DOOMBREAKER,387.7K,1.1M,1100000,148K,148000,1.2K,1200,4.1K,4100
653,thehypehouse,The Hype House,21.3M,2.2M,2200000,339.6K,339600,831,831,340,340
654,kimandnorth,Kim and North,9.6M,4M,4000000,276.5K,276500,0,0,772,772
655,fela.austin,Fela Austin,3.4M,2.4M,2400000,203.1K,203100,1.5K,1500,247,247
656,kangsoyeon_,Í∞ïÏÜåÏó∞,512.1K,1.5M,1500000,202.7K,202700,2.3K,2300,619,619
657,barbaracoura,B√°rbara Coura,10.1M,1.7M,1700000,246.7K,246700,1.2K,1200,793,793
658,jakethes.d,Jake‚ù§Ô∏è,825.5K,1.8M,1800000,214.8K,214800,748,748,1.4K,1400
659,fujiiian,Fujiiian,16.9M,2.6M,2600000,237K,237000,800,800,597,597
660,hyunggiii,‚ú®,46.6K,952.7K,952700,226.3K,226300,1.1K,1100,2.8K,2800
661,ehbeefamily,Eh Bee Family,11.8M,1.5M,1500000,284.5K,284500,1.5K,1500,476,476
662,theovon,Theo Von,3.3M,1.4M,1400000,176.1K,176100,1.5K,1500,1.9K,1900
663,sturniolo.triplets,Sturniolo‚Äôs,5.1M,1.3M,1300000,259K,259000,1.9K,1900,615,615
664,eebruu____,eebruu__,2.9M,2.5M,2500000,231.3K,231300,530,530,916,916
665,alpha.pookie,Paul Karpov,676.7K,1M,1000000,154.8K,154800,3.4K,3400,2K,2000
666,na_rouch,ÎàÑÌïòÏùºÎùº,156.3K,2.8M,2800000,196.8K,196800,936,936,596,596
667,terjiah_loui,terjiah_loui,2.6M,788.6K,788600,194.6K,194600,1.2K,1200,4.3K,4300
668,emilyfauver,emily&ella,4M,2M,2000000,324.4K,324400,390,390,894,894
669,ekosaputra20,Eko Saputra,8.6M,2.9M,2900000,215.9K,215900,930,930,398,398
670,riaricis,Ria Ricis,30.2M,2.2M,2200000,251K,251000,851,851,651,651
671,imlucastho,ImLucasTho,339.6K,1.3M,1300000,224.3K,224300,742,742,2.1K,2100
672,japanfriends,Japan and friends,2.5M,2.2M,2200000,246.9K,246900,427,427,1.1K,1100
673,benjikrol,Benji Krol,32.9M,1.4M,1400000,206K,206000,2.5K,2500,318,318
674,firefighterfenton,Firefighter Fenton,404.3K,665.9K,665900,82K,82000,1.1K,1100,13.9K,13900
675,sadieemckennaa,sadie,1.5M,2.3M,2300000,271.7K,271700,419,419,890,890
676,vida.perruna,Vida Perruna,2.7M,2M,2000000,209.5K,209500,778,778,1.2K,1200
677,shailasabt,Shailasabt,606.6K,1.4M,1400000,23.2K,23200,0,0,25K,25000
678,jindaouis,Louisa Jindaoui,2.5M,2M,2000000,254.2K,254200,733,733,862,862
679,anuel,ANUEL,2.7M,1.4M,1400000,191.7K,191700,1.3K,1300,1.6K,1600
680,duyyy.real.channel,Ng√¥ ƒê·ª©c Duy,5.6M,2.8M,2800000,214.6K,214600,839,839,532,532
681,itsceceh,Casey,6.7M,2.4M,2400000,247.6K,247600,729,729,626,626
682,adamrayokay,ADAMRAY,7.2M,1.8M,1800000,216.3K,216300,1.1K,1100,973,973
683,chengkhen2k2,Chengü¶ê,4M,2.5M,2500000,218.4K,218400,630,630,837,837
684,bryan_sanchez___,bryan_sanchezzz,740.5K,1.5M,1500000,195.7K,195700,321,321,2.4K,2400
685,byefarzy,Farzy,1.9M,1.4M,1400000,203.7K,203700,1.6K,1600,1.3K,1300
686,rug,FaZe Rug,9.7M,2.1M,2100000,202.8K,202800,1.6K,1600,245,245
687,kingrolluss,Rolls,916.7K,1.7M,1700000,180.8K,180800,481,481,2.2K,2200
688,turmadavalzinhaoficial,Turma da Valzinha ‚ú®,9.6M,1.4M,1400000,146.5K,146500,1.3K,1300,2.5K,2500
689,thejoeyswoll,Joey Swoll,6M,1.6M,1600000,256.6K,256600,1.6K,1600,285,285
690,mariah_amato,Mariah Amato,2.3M,1.3M,1300000,218.7K,218700,784,784,2.1K,2100
691,alex.boychuck,alex,742.4K,1.5M,1500000,97.5K,97500,2.5K,2500,2.9K,2900
692,shira_flame,‚òÅÔ∏èSweet B. Girl‚òÅÔ∏è,408.2K,935.7K,935700,206.8K,206800,1.3K,1300,2.8K,2800
693,jayfujiwara,English with Jay,2.1M,2.8M,2800000,183.3K,183300,670,670,865,865
694,rucenuenda1,Ruce Nuenda,2.8M,2.3M,2300000,334.3K,334300,743,743,302,302
695,agustinlocutor,agustinlocutor,2M,915.9K,915900,123.8K,123800,827,827,6.1K,6100
696,ne_4_,ŸÜŸäŸÅ ÿßŸÑÿ≥ŸäÿØ,3.5M,1.6M,1600000,111.5K,111500,3.3K,3300,1.3K,1300
697,gingerbilly1,Ginger Billy,6.5M,977.6K,977600,106K,106000,695,695,6.8K,6800
698,millane,millane,6.2M,2.2M,2200000,381.7K,381700,519,519,396,396
699,sorrisoda2,Sorrisoüåê,555.6K,1.2M,1200000,128.4K,128400,963,963,4.1K,4100
700,cinetimmy,sophia <3,14.5K,866.2K,866200,243.3K,243300,1.8K,1800,1.8K,1800
701,brunoliima019,Bruno Lima,7.5M,2.3M,2300000,239.5K,239500,447,447,937,937
702,itspierreboo,Pierre,13.2M,2.2M,2200000,249.4K,249400,856,856,530,530
703,tonylopez,Tony Lopez,23.2M,1.8M,1800000,202.3K,202300,1.6K,1600,510,510
704,steven_he,Steven He,6M,1.4M,1400000,248.8K,248800,469,469,1.7K,1700
705,cellat36,cellat36,8.6M,1.9M,1900000,97.2K,97200,2.4K,2400,1.7K,1700
706,shahdzn,Shahd Naser,1.8M,2.3M,2300000,142.8K,142800,702,702,1.6K,1600
707,celinaspookyboo,CelinaSpookyBoo,26.5M,2.8M,2800000,178.9K,178900,628,628,870,870
708,patec_wariatec,Patec_Wariatec,1.2M,1.3M,1300000,178.2K,178200,842,842,2.4K,2400
709,esen_alva,Esen,6M,1.6M,1600000,253.2K,253200,734,734,1.1K,1100
710,dindahw14,Dinda Hauw,4.2M,2.7M,2700000,168.6K,168600,653,653,991,991
711,narins.beauty_,Narins Beauty,3.3M,3.2M,3200000,129.6K,129600,1.1K,1100,713,713
712,gakbakaljoget,TRETAN MUSLIM,228.7K,1.9M,1900000,156.3K,156300,1.7K,1700,820,820
713,duolingobrasil,Duolingo Brasil üáßüá∑,1.6M,902.2K,902200,130.3K,130300,5.4K,5400,929,929
714,matheusyurley,Matheus Yurley,8.7M,2.9M,2900000,260.1K,260100,600,600,383,383
715,sebasmorenooo,Sebastian Moreno üì∏,6.1M,1.7M,1700000,188.6K,188600,1.5K,1500,791,791
716,songdoohee_444,‡∏ã‡∏≠‡∏á ‡∏î‡∏π‡∏Æ‡∏µ (‡∏ä‡πà‡∏≠‡∏á‡∏´‡∏•‡∏±‡∏Å),4.4M,2.3M,2300000,195.5K,195500,1.3K,1300,295,295
717,ratuauliaa22,ratuauliatp,13.4M,2.2M,2200000,237.2K,237200,784,784,622,622
718,dermdoctor,DermDoctor | Dr. Shah,17.4M,4M,4000000,164.2K,164200,623,623,507,507
719,fueyruss,Fueyruss,4.9M,3.3M,3300000,238.8K,238800,725,725,204,204
720,bonecao,bonec√£o,1.7M,1.6M,1600000,195K,195000,673,673,1.7K,1700
721,saraisthreads,Sarai Marie,2.2M,1.1M,1100000,205.3K,205300,1.1K,1100,2.2K,2200
722,vivi,Vivi,13.4M,1.9M,1900000,232.7K,232700,1.2K,1200,432,432
723,nlechoppamusic,NLE choppa,13.8M,2.1M,2100000,182K,182000,1.3K,1300,550,550
724,ali.samir11,ÿπŸÑŸä ÿ≥ŸÖŸäÿ±,2.7M,1.5M,1500000,181.4K,181400,2.1K,2100,586,586
725,fardows4,fardowsüíÉüèΩ,2.5M,1.1M,1100000,182.5K,182500,2.7K,2700,840,840
726,lilyxgarcia,Lily Garcia,13.6M,1.8M,1800000,308.4K,308400,582,582,711,711
727,drphil,Dr. Phil,7.6M,10.1M,10100000,53.6K,53600,778,778,546,546
728,marquis.culton,Marquis Culton,712.3K,2.1M,2100000,343.7K,343700,754,754,239,239
729,chris_thememegod,Chris Tyson,9.5M,1.6M,1600000,189.9K,189900,2.2K,2200,160,160
730,abbduuu21,ÿ®Ÿàÿ¥ŸÜÿ®‚≠êÔ∏è,14.5M,2.3M,2300000,174.3K,174300,939,939,841,841
731,itssassagurl,Sassa Gurl,7.1M,1.6M,1600000,221.9K,221900,1.1K,1100,888,888
732,allan_jeon,Allan Jeon,6.3M,1.8M,1800000,202.6K,202600,1.3K,1300,684,684
733,ujoaozinho,uJo√£ozinho ü§òüèª,9M,2.8M,2800000,447.5K,447500,273,273,292,292
734,blaucomedy,Michael Blaustein,1.9M,1.5M,1500000,239.4K,239400,250,250,1.7K,1700
735,djadoni,Djadoni,1.5M,1.7M,1700000,84.6K,84600,156,156,4.7K,4700
736,thatlittlepuff,ThatLittlePuff,32.7M,2.7M,2700000,204.4K,204400,534,534,735,735
737,deborahyowa,Deborah yowa,16.8M,3.2M,3200000,108.4K,108400,1.2K,1200,797,797
738,_nch04,Nguy·ªÖn H·∫£i,4.9M,3.4M,3400000,179.5K,179500,712,712,432,432
739,tuckerbudzyn,tuckerbudzyn,10.7M,1.7M,1700000,258.2K,258200,648,648,979,979
740,yonumo,ni ‚òÜ,270.8K,796.9K,796900,219.5K,219500,1.6K,1600,2.3K,2300
741,thehealchef,Harry Heal,3.2M,1.4M,1400000,181K,181000,671,671,2K,2000
742,mirceabravo,Mircea Bravo,860.7K,1.6M,1600000,93.2K,93200,454,454,4.1K,4100
743,gzfoodqood,Foodqood by Giallozafferano,19.2M,2.5M,2500000,69.5K,69500,626,626,3.3K,3300
744,mas_nizar,IG: nizar_abzhr31,7.2M,1.8M,1800000,254.6K,254600,1.2K,1200,343,343
745,alebardo19,Abelardo Bobadilla,5M,1.3M,1300000,131.7K,131700,1.3K,1300,2.9K,2900
746,thanhdoanshop,Thanh ƒêo√†n‚úÖ,729.8K,2.2M,2200000,101.5K,101500,2.6K,2600,464,464
747,steveioe,Steveioe,11.1M,1.4M,1400000,257.8K,257800,853,853,1.1K,1100
748,bigtugg,Tucker Lindgren,2.3M,1.1M,1100000,163.9K,163900,1.4K,1400,2.4K,2400
749,fritzdoesart,fritzdoesart,8.7M,3.1M,3100000,155.5K,155500,1.1K,1100,305,305
750,shammiltd,Shammi,6.4M,1.9M,1900000,150K,150000,1K,1000,1.3K,1300
751,nikicumerlato,Nicole Cumerlato,1.1M,2.5M,2500000,278.7K,278700,341,341,617,617
752,cristorata7,Cristorata,1.6M,1.8M,1800000,146.6K,146600,958,958,1.6K,1600
753,melfouad,Melfouad,1.7M,1.3M,1300000,88.7K,88700,1.9K,1900,3.8K,3800
754,iben_ma,Iben M.A.,10M,1.6M,1600000,114.7K,114700,3.4K,3400,326,326
755,paigetaylor.s,Paige Taylor,5.1M,1.8M,1800000,316.8K,316800,810,810,354,354
756,mikaelatesta,Mikaela Testa,2.2M,1.5M,1500000,207.4K,207400,1.5K,1500,730,730
757,jorgito_guayaco_o,Jorge naranjo pe√±afiel,4.5M,1.3M,1300000,40.8K,40800,519,519,11.9K,11900
758,saraecheagaray,sara,7.5M,1.9M,1900000,337.7K,337700,698,698,323,323
759,danielswall,Daniel Wall,1.6M,1.3M,1300000,250.8K,250800,769,769,1.2K,1200
760,lagranjadelborrego,La granja del borrego,14.2M,2.1M,2100000,324.6K,324600,718,718,237,237
761,fatcomedy1,FATCOMEDY,1.4M,1.9M,1900000,49.6K,49600,515,515,6.4K,6400
762,analisseworld,Analisseworld,10.6M,1.7M,1700000,316.7K,316700,570,570,635,635
763,bp_tiktok,blackpinkofficial,37.2M,1.4M,1400000,173.3K,173300,2K,2000,806,806
764,jaden,Jaden,1.8M,3.5M,3500000,134.6K,134600,1.2K,1200,193,193
765,aylivaofficial,A Y L I V Aüéô,873.2K,1.3M,1300000,212.1K,212100,1.6K,1600,739,739
766,doctormiguelpadilla,Doctor Miguel,6.5M,991.4K,991400,157.4K,157400,1.9K,1900,2.2K,2200
767,tabithaswatosh,Tabs,13.1M,2.1M,2100000,331.5K,331500,635,635,293,293
768,roportajadam,Mahsun Karaca,1.3M,2.2M,2200000,107.2K,107200,486,486,2.3K,2300
769,jashlem,Jash,26.8M,1.8M,1800000,310.8K,310800,729,729,422,422
770,firstnamechris,Chris Punsalan,1.4M,1.6M,1600000,239.9K,239900,1.2K,1200,461,461
771,federalplumbing,Iv√°ndeFederalplumbing,956.9K,2.1M,2100000,136.8K,136800,404,404,1.9K,1900
772,jordanavucetic,jordanavucetic,3.2M,1.5M,1500000,288.7K,288700,1.2K,1200,320,320
773,rayanfahmi,Rayoon,4M,2M,2000000,146.3K,146300,1.6K,1600,557,557
774,dovecameron,Dove Cameron,12.4M,1.5M,1500000,200.2K,200200,1.6K,1600,502,502
775,lordtrunks,Lord Trunks,4.9M,1.6M,1600000,195.7K,195700,947,947,1.1K,1100
776,edwinmendozza,ùñäùñâùñúùñéùñì,15.3M,2.7M,2700000,363.3K,363300,405,405,256,256
777,jefripradewa,Jefri Pradewa,246.4K,925K,925000,118.3K,118300,1.6K,1600,4.2K,4200
778,mexicocookingclub,Calixto Serna,11.7M,2.3M,2300000,131.1K,131100,407,407,1.7K,1700
779,jzgarcia,Jz Garcia,2M,996.7K,996700,200.8K,200800,880,880,2.3K,2300
780,jorgitoparrillero,Jorgito Parrillero,1.6M,1.4M,1400000,72.2K,72200,327,327,5.9K,5900
781,ilaydasherifi,ilaydasherifi,402.8K,1.8M,1800000,271.5K,271500,503,503,801,801
782,its.michhh,Michel Chavez,33.7M,2M,2000000,275.6K,275600,933,933,198,198
783,mndiaye_97,mndiaye_97,15.6M,1.3M,1300000,236.4K,236400,1K,1000,1.1K,1100
784,leanadeeb,Leana Deeb,11.6M,1.8M,1800000,270.6K,270600,587,587,724,724
785,hyoga.x,Hyoga,614.6K,1.5M,1500000,225.1K,225100,778,778,1.1K,1100
786,jannatmirza,J M ü•Ä,21.3M,1.7M,1700000,166.2K,166200,1.8K,1800,415,415
787,jennychallita,Jennychallita,4.6M,2.3M,2300000,131.7K,131700,1.1K,1100,926,926
788,caprariu_valentino,V A L E N T I N O,4M,2.3M,2300000,157.9K,157900,1.2K,1200,499,499
789,section_pull_up,Section Pull Up Off,1.1M,1.2M,1200000,112.1K,112100,2.3K,2300,2.3K,2300
790,itsjojosiwa,JoJo Siwa,44.2M,2.7M,2700000,202.7K,202700,915,915,207,207
791,naenano,„Å™„Åà„Å™„ÅÆüå®,3.7M,2M,2000000,166K,166000,1.2K,1200,722,722
792,gabrielabee,GABRIELA BEE,10M,1M,1000000,238.4K,238400,2.1K,2100,485,485
793,ayanakamura,Aya Nakamura,1.7M,1.3M,1300000,196K,196000,1.6K,1600,760,760
794,sallyalawady1,Sally Alawady,5.3M,2.6M,2600000,145.6K,145600,1.1K,1100,515,515
795,yefersoncossio,Yef,14.2M,2.8M,2800000,266.2K,266200,554,554,253,253
796,teukuryantr,teukuryantr,4.4M,2.1M,2100000,277.2K,277200,507,507,502,502
797,vietphuongthoa98,Vi·ªát Ph∆∞∆°ng Thoa,12.2M,2.4M,2400000,224.3K,224300,801,801,287,287
798,dangthuhaf,ƒê·∫∑ng Thu H√†,1.5M,3.1M,3100000,283.2K,283200,400,400,267,267
799,q7cg,ÿßÿ≠ŸÖÿØ ÿßŸÑÿ≠ÿ±ÿ®Ÿä,461.6K,1.4M,1400000,69.1K,69100,3.2K,3200,2.8K,2800
800,onlyraisingkingsnyc,Onlyraisingkings,1.5M,757.8K,757800,90.4K,90400,1.5K,1500,7.1K,7100
801,bungalow_jonathan,Bungalow Jonathan,361.6K,880.1K,880100,50.4K,50400,971,971,12.2K,12200
802,chikn.nuggit,Chikn Nuggit,4.9M,1.1M,1100000,209.4K,209400,2K,2000,579,579
803,yesimresmi1,~YE≈ûƒ∞M,17.5M,2.7M,2700000,166K,166000,874,874,425,425
804,itsaburob,Ahmad Aburob,2.4M,5.8M,5800000,113.9K,113900,709,709,169,169
805,lasrecetasdesimon,lasrecetasdesimon,5.5M,1.3M,1300000,130.7K,130700,330,330,3.1K,3100
806,_desyortega_,Àö‚Çä‚ú©‚Äß‚Çä d e s ‚Äß‚ÇäÀö‚úß,31.8K,1.4M,1400000,203.6K,203600,534,534,1.5K,1500
807,spicyycam_,Spice King,20M,1.9M,1900000,180.7K,180700,1.6K,1600,104,104
808,xxlechuga,Daniel Lechuga,7.1M,1.5M,1500000,262.9K,262900,1K,1000,485,485
809,raonyp,Rao,282.1K,1M,1000000,172.5K,172500,1.5K,1500,1.9K,1900
810,cooperkupp,Cooper Kupp,499.5K,1.8M,1800000,206.8K,206800,1.3K,1300,238,238
811,botakteras,Mike,4M,2.4M,2400000,162.8K,162800,1.2K,1200,269,269
812,kristy.sarah,Kristy Sarah,7.8M,2M,2000000,203.7K,203700,528,528,864,864
813,calleypoche,Calle y Poch√©,5.9M,1.5M,1500000,225.1K,225100,977,977,748,748
814,ahmed_hosni1,ahmed Hosni üåç‚ù§Ô∏è,4.1M,564.4K,564400,67.6K,67600,2.3K,2300,12.5K,12500
815,vlad_shevchenko,–í–ª–∞–¥ –®–µ–≤—á–µ–Ω–∫–æ,1M,1.4M,1400000,125.7K,125700,350,350,2.9K,2900
816,albert_cancook,albert_cancook,10.2M,2.5M,2500000,201.9K,201900,702,702,415,415
817,imprestonbradley,KING OF CREAM,3.6M,1.6M,1600000,212.6K,212600,684,684,971,971
818,ireniusx,ireniusx,6.9M,1.8M,1800000,262.6K,262600,817,817,371,371
819,politiqueando2.0,politiqueando2.0,43.9K,2.3M,2300000,81.1K,81100,646,646,2.4K,2400
820,artbydemarcusshawn,DemarcusShawn,6.4M,948.1K,948100,158.9K,158900,1.7K,1700,2K,2000
821,itspoli_,paulaüå∏,1.6M,1.5M,1500000,203.8K,203800,1.6K,1600,308,308
822,mirandaalol,miranda rae,5.7M,1.6M,1600000,230.3K,230300,1.4K,1400,155,155
823,sbcoko,‚ÄúCOKO‚Äù,100.9K,903.3K,903300,79.3K,79300,486,486,7.3K,7300
824,lisa_luchetta,Lisa Luchetta,1.4M,1.5M,1500000,231.9K,231900,614,614,978,978
825,i_am_doshik1,i_am_doshik,20.9M,1.9M,1900000,205.7K,205700,1K,1000,438,438
826,tyshonlawrence,tyshon,18.5M,1.2M,1200000,176.8K,176800,2.1K,2100,528,528
827,kaykai_ntch,Kaykai,8M,2.1M,2100000,254.1K,254100,876,876,155,155
828,gimmeuraddy,Septianarii,825.3K,2.3M,2300000,150.9K,150900,247,247,1.3K,1300
829,paupelaez_, ú·¥Ä…¥·¥á·¥ç…™ è·¥Ä,6.8M,1.8M,1800000,236.3K,236300,1K,1000,263,263
830,theweeknd,The Weeknd,6M,1M,1000000,128K,128000,1.8K,1800,2.5K,2500
831,realjayllnn,JAYLLNN,5.1M,1.6M,1600000,146.8K,146800,1.6K,1600,675,675
832,daniaristizabal29,Daniela Aristizabal N,55K,935.1K,935100,62.7K,62700,1.3K,1300,8K,8000
833,snoopdogg,Snoop Dogg,24.8M,1M,1000000,145.8K,145800,1.7K,1700,2K,2000
834,gordeewa__13,gordeewa__13 :>,13.8M,2.3M,2300000,254.7K,254700,751,751,172,172
835,michou_yt,Michou,7.8M,1.5M,1500000,210.2K,210200,1.5K,1500,171,171
836,bradley.thor,Thoren Bradley,7.3M,1.7M,1700000,121.5K,121500,1.6K,1600,922,922
837,yass_ootd,YASS_OOTD,1M,1.5M,1500000,230.1K,230100,1.1K,1100,495,495
838,birisdachapada_off,biris_off,2.3M,1.2M,1200000,170.3K,170300,1.3K,1300,1.3K,1300
839,taylorfrankiepaul,Taylor Paul,3.8M,3M,3000000,146.6K,146600,884,884,347,347
840,infamous_wu13,Infamous Wu,1.2M,1.7M,1700000,280K,280000,792,792,321,321
841,virginiafonseca,Virginia,35.3M,2.2M,2200000,188.2K,188200,916,916,356,356
842,katclark86,Kat Clark,3.4M,1.5M,1500000,253.7K,253700,1.2K,1200,139,139
843,brycehall,Bryce Hall,23M,2.3M,2300000,270.8K,270800,456,456,406,406
844,vinhlion77777,üíéVinh Lion,5.8M,2.5M,2500000,107.5K,107500,1.8K,1800,220,220
845,mumeixxx,mumei‚úñ,2.8M,1.8M,1800000,144.2K,144200,1.3K,1300,720,720
846,jake_murley,Jake Murley,10.3K,832.5K,832500,149.4K,149400,1.1K,1100,3.1K,3100
847,riumbau,Hector Riumbau,2.8M,1M,1000000,138.6K,138600,864,864,2.9K,2900
848,edithxgalvez,Edith Galvez,6.2M,2.8M,2800000,171.7K,171700,431,431,651,651
849,marcelldegen,Marcelldegen,4.1M,2M,2000000,151.6K,151600,1.5K,1500,247,247
850,decorsnippets,Rue,976.9K,1.3M,1300000,131.3K,131300,696,696,2.3K,2300
851,lehvideira,Lethicia Videira,8.5M,581.6K,581600,99.5K,99500,2.8K,2800,6.2K,6200
852,blakegray,Blake Gray,9.8M,1.2M,1200000,192.4K,192400,1.4K,1400,869,869
853,iitsace,PETER ACE üíú,2.5M,1.9M,1900000,168.7K,168700,1.2K,1200,445,445
854,thecordlefamily,Hunter & Devin,3.7M,1.9M,1900000,255.6K,255600,454,454,607,607
855,campuzanoabelardo,Abelardo Campuzano,4.8M,844K,844000,120.7K,120700,994,994,4K,4000
856,sherifkhalid,sherif khalid,10.4M,1.8M,1800000,156.8K,156800,793,793,1K,1000
857,raulbazanm,RAULü¶¶,6.1M,2.5M,2500000,217.9K,217900,470,470,462,462
858,hadeel.alali,ÿßŸÖ ÿ≥ŸäŸÅ om sayf,3.3M,3.1M,3100000,106.9K,106900,806,806,726,726
859,kikakiim,Kika Kim,33.3M,1.7M,1700000,187.6K,187600,1.2K,1200,384,384
860,soimah_pancawati,Soimah Pancawati,2.4M,1.3M,1300000,62.3K,62300,2K,2000,4.3K,4300
861,1spdr,ÿØÿßÿ±ŸÉ,1.7M,1.4M,1400000,119.1K,119100,2.6K,2600,434,434
862,jamescharles,James Charles,37.6M,1.9M,1900000,178.4K,178400,1.2K,1200,290,290
863,thatgoldendog,Candice & Bear,189.3K,981K,981000,139.1K,139100,187,187,3.5K,3500
864,anaalvarez,Ana Alvarez,266.5K,1.7M,1700000,155.7K,155700,461,461,1.4K,1400
865,homm9k,–•–û–ú–Ø–ö,46.4M,1.7M,1700000,165.8K,165800,1.2K,1200,557,557
866,omar,Omar Raja,3.9M,2M,2000000,252.2K,252200,439,439,562,562
867,stephano_kohel,‚ö°Ô∏èSTEPHANO‚ö°Ô∏è,6M,3.3M,3300000,267.3K,267300,324,324,246,246
868,zamirrvillamil,zamu,2.6M,1.3M,1300000,273K,273000,648,648,768,768
869,renpc_,‚ú®Ren PC‚ú®,5.2M,882.4K,882400,164.8K,164800,656,656,2.8K,2800
870,jolly_good_ginger,El Chismoso,3.2M,992.3K,992300,115.2K,115200,3.1K,3100,1.3K,1300
871,andreecuadros,Andrea Cuadros,15.6M,2.1M,2100000,259.7K,259700,586,586,330,330
872,chico_maltipoo,Chico Maltipoo,335.7K,912K,912000,116.2K,116200,1.6K,1600,3.1K,3100
873,ddhivaaaa,Adhiva Amalia,2.4M,2.2M,2200000,145.4K,145400,623,623,930,930
874,noeldeyzel_bodybuilder,Noel Deyzelüáøüá¶,5.9M,1.4M,1400000,229.1K,229100,923,923,622,622
875,claragnds,Maria Clara Garcia,19.7M,1.6M,1600000,171.7K,171700,1.2K,1200,578,578
876,thekatehudson,Kate Hudson,1.3M,2M,2000000,178.9K,178900,1.1K,1100,246,246
877,_raichouuofficial,SHRX ‚Ä¢ Raichouu üáµüá≠,1.4M,2.2M,2200000,145.2K,145200,1.3K,1300,282,282
878,thetiktokdrummer,Austin Ware,11.1M,4.1M,4100000,107.4K,107400,793,793,326,326
879,nadina_ioana,Nadina Ioana,12.9M,3M,3000000,210.9K,210900,473,473,318,318
880,...anddy_,ANDDY üê∫üåô,1.3M,827.9K,827900,123.7K,123700,3.5K,3500,1.3K,1300
881,fabstarden,Fabr√≠cio :),66K,692.8K,692800,111.3K,111300,2.9K,2900,3.5K,3500
882,ogabrielfalcone,NIKITA,3.5M,1.1M,1100000,252.8K,252800,1K,1000,728,728
883,_catben_,Catherine Benson,11M,1.4M,1400000,212.1K,212100,784,784,864,864
884,camilacabello,Camila Cabello,17.2M,1.3M,1300000,182.5K,182500,1.2K,1200,905,905
885,wisdm8,Wisdom Kaye,8.7M,1.4M,1400000,199.7K,199700,1.3K,1300,415,415
886,eyeout4selen3r,Shawn Mac,1.2M,736.2K,736200,185.5K,185500,1K,1000,2.5K,2500
887,choukripirate,CHOUKRI PIRATE üè¥‚Äç‚ò†Ô∏è,1.6M,2.3M,2300000,186.3K,186300,630,630,507,507
888,captincroook,Alex Consani,792.5K,1.1M,1100000,257.4K,257400,1.2K,1200,516,516
889,delaneysayshello,Delaney Rowe,1.1M,1.4M,1400000,178.5K,178500,824,824,1.2K,1200
890,anxietycouple,Anxiety couple,12.7M,2.1M,2100000,203.7K,203700,665,665,494,494
891,avani,avani,42.8M,2.1M,2100000,209.8K,209800,797,797,322,322
892,ugolord,‚öñÔ∏è The TikTok Attorney ‚öñÔ∏è,6.4M,1.7M,1700000,142.7K,142700,1.8K,1800,223,223
893,thedarcymichael,Darcy & Jer,3.1M,1.1M,1100000,130.7K,130700,1.5K,1500,1.8K,1800
894,msquynhthie,Qu·ª≥nh Thi,1.3M,3.7M,3700000,154.2K,154200,592,592,249,249
895,armando_netto,Armando Netto,5.1M,1.6M,1600000,249.6K,249600,969,969,231,231
896,juliapuzzuoli,Julia Puzzuoli Souza,13.5M,2M,2000000,259.1K,259100,367,367,581,581
897,zzri9a,ZZRi9A,1M,1.7M,1700000,106.6K,106600,1.4K,1400,1.2K,1200
898,erabii,Mohanaderabi,2M,1.3M,1300000,155.1K,155100,1.4K,1400,1K,1000
899,rifirdus,RIFIRDUS,2.4M,1.9M,1900000,148.6K,148600,837,837,899,899
900,mult..fand0m,Antonella üëç,154K,543.8K,543800,103.8K,103800,7.1K,7100,1.3K,1300
901,lilhuhofficial,üî• Lil Huh üî•,4.5M,2.3M,2300000,201.1K,201100,565,565,452,452
902,nancyajram,Nancy Ajram,2.3M,1.9M,1900000,129.2K,129200,1.1K,1100,769,769
903,angelramirezv,Angel Ramirez,1.2M,1.7M,1700000,150.1K,150100,1.1K,1100,760,760
904,una_arana,Una Ara√±a,77K,2.4M,2400000,262.3K,262300,527,527,217,217
905,korean.comic,ÏÜ°ÏùÄÏ†ú üá∞üá∑,1.4M,972.1K,972100,198.5K,198500,999,999,1.4K,1400
906,ladyyasmina1,Yasmine Sahid,1.6M,1.1M,1100000,161.2K,161200,1.1K,1100,1.5K,1500
907,nicktrawick13,Nick Trawick,1.2M,756.4K,756400,117.2K,117200,1.7K,1700,3.5K,3500
908,la.marymary,marymaryüëë,561.3K,1.1M,1100000,142.6K,142600,886,886,2K,2000
909,oafonsopadilha,Afonso Padilha,3.2M,923.1K,923100,119.9K,119900,638,638,3.5K,3500
910,maurobarrionuevo,Mauro Barrionuevo,2.5M,849.5K,849500,58.7K,58700,278,278,9K,9000
911,samsmith,Sam Smith,7.1M,1.9M,1900000,77.7K,77700,1.4K,1400,1.7K,1700
912,mohamedmekawy,Mohamedmekawy,1.4M,2.7M,2700000,41.7K,41700,953,953,3.1K,3100
913,cirowhites1.0,CiroWhites,2.5M,1.2M,1200000,242.6K,242600,529,529,1.1K,1100
914,notbehzinga,Ethan Payne,1.8M,2.2M,2200000,331.4K,331400,468,468,164,164
915,sjbleau,SJ,13.9M,2.2M,2200000,195.3K,195300,664,664,408,408
916,issavegas.fit,Issavegas.fit,6M,2M,2000000,148.8K,148800,483,483,1.1K,1100
917,moontellthat,MOONTELLTHAT,14.3M,1.8M,1800000,132.1K,132100,1.2K,1200,717,717
918,joerauth_,Joe rauth,6.2M,1.4M,1400000,217.1K,217100,610,610,947,947
919,mrstiventc1977,MrStivenTc,6.8M,1.9M,1900000,218K,218000,850,850,279,279
920,ytietofficial,Ytiet Official,3.7M,1M,1000000,54.3K,54300,1.2K,1200,7.1K,7100
921,deni.elenaa,Deni Elena,327.9K,842.8K,842800,147.2K,147200,736,736,2.9K,2900
922,mimiermakeup,Mirta Miler,16.6M,1.9M,1900000,273.3K,273300,731,731,166,166
923,nicolassturniolo,Nicolas Sturniolo,4.1M,938.3K,938300,202K,202000,1.9K,1900,467,467
924,julesleblanc,jules,18.9M,1.5M,1500000,214.9K,214900,1.1K,1100,259,259
925,baldybrobryzxz,celloszxzüßëüèª‚Äçü¶≤,11M,2.6M,2600000,199.1K,199100,646,646,221,221
926,artemmodelka,artemmodelka,1M,2.5M,2500000,129.6K,129600,1K,1000,370,370
927,deiveleonardooficial,Deive Leonardo,6.3M,534.7K,534700,77.6K,77600,976,976,9.8K,9800
928,azelmusic,Azel,1.3M,1.3M,1300000,129.1K,129100,833,833,1.9K,1900
929,1h__aa,ÿπŸÑŸä ÿ∫ÿßŸÜŸÖ,196.6K,2M,2000000,75.4K,75400,1.9K,1900,1.1K,1100
930,christian_shay,Christian Shay,3.1M,1.4M,1400000,188.6K,188600,1.4K,1400,268,268
931,shani_ameliaa,Shani_amelia,2.9M,983.9K,983900,160.1K,160100,1.4K,1400,1.4K,1400
932,tanboykun_asli,Tanboy Kun,2.6M,2.3M,2300000,154.4K,154400,511,511,713,713
933,krysandkareem,Krys & Kareem,6.3M,1.9M,1900000,114.8K,114800,362,362,1.7K,1700
934,alejandrosago,Alejandro Sago,2.5M,1.6M,1600000,191.9K,191900,409,409,1K,1000
935,creatingwonders,Jesse J. Pedigo,12.2M,554.8K,554800,86.7K,86700,1.2K,1200,7.9K,7900
936,f0urbr0thers,F0urBr0thers,1.6M,1.5M,1500000,157.2K,157200,411,411,1.5K,1500
937,eldavidgodoy,David Godoy,2.9M,1.7M,1700000,175.8K,175800,449,449,1K,1000
938,alfyfatmasaga,Alfy Saga,4.3M,1.7M,1700000,105.5K,105500,804,804,1.6K,1600
939,nabela,nabela,7.6M,2.1M,2100000,251.5K,251500,502,502,330,330
940,realaa9skillz,aa9skillz,295.7K,930.5K,930500,135K,135000,2.1K,2100,1.4K,1400
941,valennaihomi,naihomi,401.7K,2.7M,2700000,140.3K,140300,955,955,219,219
942,rowverytrinidad29,Rowvery Trinidad,3.4M,2.7M,2700000,325.6K,325600,295,295,204,204
943,frnzlynfby,Feby,4.4M,1.2M,1200000,222.5K,222500,887,887,825,825
944,lexihensler,Lexi Hensler,9.6M,1.7M,1700000,230.6K,230600,399,399,717,717
945,colinjay_,colin eckardt,1.6M,952.8K,952800,182.9K,182900,1.5K,1500,1K,1000
946,eravfx,ERAVFX,1.8M,2.4M,2400000,181.2K,181200,805,805,199,199
947,jailyneojeda,Jailyne Ojeda,17.3M,1.7M,1700000,227.7K,227700,740,740,387,387
948,ashraf_alalmei,"üá™üá¨‚ö°""ALALMEI""‚ö°üáµüá∏",3.5M,1.9M,1900000,136.5K,136500,528,528,1.2K,1200
949,youngji_02,Ïù¥ÏòÅÏßÄ,2.2M,1.4M,1400000,293.3K,293300,820,820,240,240
950,joelbergs,JoelBergs,11.6M,1.7M,1700000,242.6K,242600,499,499,554,554
951,axxdermusic,Axder,5.3M,531.9K,531900,68.5K,68500,1.8K,1800,10.1K,10100
952,chevy2funnyy,Chevy2funnyy,2.1M,917.7K,917700,181K,181000,796,796,1.8K,1800
953,nilewilsonator,Wilsonator,1.2M,2.4M,2400000,194.1K,194100,448,448,464,464
954,farrukoofficialpr,FARRU,3.7M,1.4M,1400000,96.8K,96800,346,346,2.8K,2800
955,keirariff,Keira,5.6M,1.4M,1400000,250.3K,250300,502,502,764,764
956,jimmywells96,Jimmy Wells,2.2M,1.1M,1100000,133.8K,133800,832,832,2.1K,2100
957,knzymyln__,KienzyÌÇ§ÏóîÏßÄÎØ∏Ïóî‚úßüá∞üá∑,8.4M,2.8M,2800000,110.9K,110900,488,488,885,885
958,flickerspark_,FlickerSpark,1.8M,1.1M,1100000,245.1K,245100,830,830,750,750
959,healthy_mandy,healthy_mandy,587.8K,2.2M,2200000,150.2K,150200,861,861,424,424
960,robertfrank615,Robert Frank,1.2M,778.4K,778400,78.7K,78700,440,440,6.5K,6500
961,maxthemeatguy,Max The Meat Guy,5.3M,1.2M,1200000,178.7K,178700,504,504,1.5K,1500
962,ailaloures,aila loures,3.9M,845.5K,845500,165.1K,165100,1.4K,1400,1.6K,1600
963,ogikdp,Zona Ogik | YT MELLO PROJECT,5M,1.6M,1600000,227.7K,227700,755,755,400,400
964,leahh,leah,6.3M,1.7M,1700000,167.6K,167600,785,785,737,737
965,karlwolfs,Karl Wolf,414.8K,953.6K,953600,75.4K,75400,2.5K,2500,3.3K,3300
966,natalieamayaa,Natalie Amaya,96.7K,1M,1000000,116.2K,116200,837,837,2.8K,2800
967,banhbaoxinchao,B√°nh Bao Xin Ch√†o,2.6M,2.6M,2600000,183.6K,183600,623,623,256,256
968,pocaeve,EVE,138.7K,2.6M,2600000,50.9K,50900,1.8K,1800,1.3K,1300
969,thruhikers,Renee-and-Tim,2.1M,2.3M,2300000,250.5K,250500,289,289,452,452
970,thenursery_nurse,Charlotte,1.8M,1.5M,1500000,288.7K,288700,768,768,195,195
971,i_am_young22,ÎÉ•ÎáΩÎÖïÎÉ•üëª,3.1M,1.1M,1100000,147.2K,147200,739,739,1.8K,1800
972,itsmenicksmithy2,Nick Smithyman üòé,13.6M,1.5M,1500000,179.1K,179100,757,757,789,789
973,slamminsammyswank,Sam Swank,1.6M,834.2K,834200,165.2K,165200,482,482,2.5K,2500
974,mistermainer,mistermainer,16.4M,1.2M,1200000,157.6K,157600,1K,1000,1.1K,1100
975,nelysa_norazlan,Nelysa Norazlan,3M,1.5M,1500000,144.4K,144400,760,760,1.2K,1200
976,hunterprosper,Hunter Prosper,5.5M,1.6M,1600000,172.6K,172600,437,437,1.1K,1100
977,mohaimen.alaa,ŸÖŸáŸäŸÖŸÜ ÿπŸÑÿßÿ°,4.7M,1.4M,1400000,143.8K,143800,1.3K,1300,801,801
978,mei_asami_,ÊµÖË¶ã„ÇÅ„ÅÑ,1.5M,1.3M,1300000,176.8K,176800,1.1K,1100,768,768
979,rreygrande,rey,617.8K,700.2K,700200,147.7K,147700,1.9K,1900,2.1K,2100
980,pratiii9,pratii,505.5K,6.4M,6400000,39.3K,39300,538,538,1.1K,1100
981,leesiyoung38,Ïù¥ÏãúÏòÅ,17.6M,2M,2000000,143.3K,143300,952,952,472,472
982,jmartineze_,josi,23.7M,1.8M,1800000,235K,235000,651,651,314,314
983,los_escachaitos,Los escachaitos,5.3M,2.3M,2300000,120.9K,120900,692,692,772,772
984,pedrinhuol,pedrinhuol,6.3M,1.9M,1900000,178.2K,178200,448,448,750,750
985,nouraridaofficial,Nour Arida,3.3M,1.9M,1900000,108.2K,108200,733,733,1.2K,1200
986,karolsevillaokay,karolsevillaofc,26.2M,1.5M,1500000,223.2K,223200,913,913,298,298
987,coldcutz20,CHRIS COLDITZ,1.4M,4.4M,4400000,100.3K,100300,494,494,424,424
988,mclya_,Lya,3.9M,2.2M,2200000,175.5K,175500,713,713,336,336
989,ddlovato,Demi Lovato,4.5M,1.4M,1400000,130.8K,130800,1.7K,1700,573,573
990,jlo,JLO,15.4M,1.5M,1500000,118.9K,118900,1.8K,1800,417,417
991,esta.pramanita,Esta Pramanita,2.4M,2.3M,2300000,222.7K,222700,390,390,392,392
992,ladydianka,LADY BUNNYüê∞,9.2M,1.2M,1200000,144.7K,144700,1.3K,1300,899,899
993,ediqueixinho,Edivando Junior,4.3M,1.7M,1700000,185.2K,185200,754,754,488,488
994,liamcarps,Liam Carpenter,1.5M,1.5M,1500000,136.6K,136600,697,697,1.3K,1300
995,giovannibonaccinii_,G I O V A N N Iü¶ã,1M,1M,1000000,171.6K,171600,983,983,1.3K,1300
996,jiembasands,Jiemba Sands,4.9M,3.4M,3400000,247.4K,247400,207,207,264,264
997,crissa_ace,Crissa Jackson,14.9M,1.6M,1600000,141.7K,141700,1.2K,1200,580,580
998,ichadude,Alyssa & Dude,468.8K,2.3M,2300000,85.5K,85500,997,997,1K,1000
999,kanebrown,Kane Brown,5.2M,1.7M,1700000,96.7K,96700,1.3K,1300,1.2K,1200
1000,nnennab_,Nnenna B | NYC Creator & Actor,149.1K,606.2K,606200,79.5K,79500,2.1K,2100,6.1K,6100